Timestamp,Sebagai,ID,Apa yang menarik dari Proyek yang disajikan?,Pemahaman mengenai permasalahan yang diangkat,Solusi yang ditawarkan melalui pendekatan biologi sintetik atau/dan bioinformatika,Potensi pengembangan dan kolaborasi dengan berbagai pihak.,Saran dan Kritik?
6/4/2021 16:46,Tim Juri,ABM Squad,Penggunaan prinsip enkapsulasi urea dengan tanaman mimba sangat menarik dan tidak umum dipakai untuk molecular docking,5,4,5,"Ide ini menarik, walau mungkin peserta di akhir bisa mengemas apa yang didapat di hasil untuk prospek yang bisa dilakukan sehingga akan lebih baik. Meski demikian, konsep ide ini tidak umum dan layak dieksplorasi lagi lebih jauh"
6/19/2021 17:14,Tim Juri,ABM Squad,enkapsulasi urea menggunakan tanaman,4,3,4,"Penggunaan analisis bioinformatika belum terlalu terlihat efektif, perlu penjelasan mekanisme proses dan penstrukturan penulisan"
6/20/2021 8:10,Tim Juri,ABM Squad,Solusi yang ditawarkan sangat berhubungan dgn Indonesia sebagai negara agraris,5,4,4,"Bahaimana efisiensi pengikatan senyawa-senyawa yang sama tapi dari tanaman berbeda dan apakah hanya dilakukan skrining 10 senyawa tersebut, karena seharusnya skrining senyawa pasti banyak senyawa yang dipakai"
6/20/2021 15:51,Tim Juri,ABM Squad,Topik yang diangkat (nitrification inhibitor) menarik dan banyak berhubungan dengan kehidupan masyarakat petani ,4,2,5,"Berdasarkan abstrak yang diberikan, sepertinya penelitian sudah selesai? Bagaimana rencana pengembangan penelitian ini?"
6/20/2021 18:10,Tim Juri,ABM Squad,Pupuk hayati berbasis inhibisi enzim nitrifikasi,3,3,3,Apakah ada kemungkinan senyawa yang digunakan memiliki daya alelopati?
6/4/2021 14:57,Tim Juri,BIKOKA,"Ide biosensor kokain ini menarik, cukup unik dan berbeda di mana hampir semua peserta lain fokus ke studi biomedis",4,4,4,Idenya menarik juga. Mungkin perlu dijabarkan lebih detail soal vektor apa yang digunakan dan soal gambaran prosesnya. Cukup menarik untuk kolaborator bila dirapikan sedikit lagi
6/19/2021 12:52,Tim Juri,BIKOKA,biosensor berbasis enzim,3,3,4,"aplikasi biosensor sudah cukup banyak, penasaran bagiamana cara bioinformatika mengoptimalkan performa biosensor ini?"
6/20/2021 7:48,Tim Juri,BIKOKA,Biosensor berbasis enzim yangmana masih jarang diproduksi di Indonesia,4,3,5,Perlu diperhatikan rancangan biosensornya terhadap half live enzim dan uji spesifisitas dari kokainnya
6/20/2021 14:21,Tim Juri,BIKOKA,.,3,4,3,Apakah alat uji yang dikembangkan akan mudah dibawa dibandingkan uji kolorimetri yang ada?
6/20/2021 15:50,Tim Juri,BIKOKA,Topik yang cukup kontroversial dan sangat menarik,3,4,5,"Peserta mengangkat topik yang cukup menarik, yaitu terkait dengan deteksi narkotika. Ide yang diangkat diajukan dengan asumsi bahwa tes yang saat ini ada kurang akurat dan memerlukan uji lanjutan. Penggunaan biosensor berpotensi memberikan tingkat akurasi yang lebih baik. Meskipun demikian, pengembangan sensor perlu memperhatikan kebutuhan dari pengguna. Apakah sensor yang dibuat akan lebih mudah untuk diproduksi (baik dari segi harga dan teknologi)? Apakah sensor lyang dibuat lebih praktis dibandingkan tes yang ada? Apakah permasalahan utama yang diperlukan adalah tes yang lebih akurat? Tes yang lebih cepat? Oleh karena itu, proses pengembangan sensor perlu dilakukan dengan feedback langsung dari user."
6/20/2021 18:31,Tim Juri,BIOFORMITS,Masalah lingkungan global,3,3,4,Ketika sudah diketahui senyawa penghambatnya lalu solusi yang ditawarkan apa untuk masalah ink?
6/20/2021 19:43,Tim Juri,BIOFORMITS,.,2,3,3,"Apabila degradasi difasilitasi biofilm, mengapa pembentukannya dihambat?"
6/20/2021 22:21,Tim Juri,BIOFORMITS,Topik yang diangkat terkait sistem anti-quorum sensing sangat menarik,4,3,5,Penelitian ini bertujuan untuk menghambat QS yang mengintervensi pembentukan biofilm pada P. aeruginosa. Bagaimana anda menentukan senyawa terpenoid yang akan diuji? Apakah P. aeruginosa menghasilkan terpenoid alami sebagai bentuk anti quorum sensing? 
6/21/2021 17:49,Tim Juri,BIOFORMITS,Pemanfaatan enzim dari Pseudomonas aerugynosa untuk menguraikan plastik LDPE yang ada pada kantong plastik,4,3,4,"Ide yang ditawarkan sangat menarik, apalagi dalam mengatasi sampah plastik yang menjadi masalah di Indonesia. Akan tetapi, kurang dijabarkan mengenai metode bioinformatika (mis: docking, dll) yang akan dilakukan. Perlu dieksplor dan dijelaskan dengan lebih baik"
6/21/2021 18:31,Tim Juri,BIOFORMITS,penggunaan bakteri untuk penguraian LDPE,2,2,3,kenapa riset terpenoid ini menjadi penting?
6/20/2021 18:18,Tim Juri,BIOLUMVITO - UPI,Alternatif sumber cahaya,4,4,4,Perlu diperhatikan konstruk tidak boleh bertentantangn dengan genetic contaminant terhadap lingkungan dan apakah sistemnya bisa diterima dan tidak didegradadi oleh tanaman
6/20/2021 19:28,Tim Juri,BIOLUMVITO - UPI,.,3,3,3,"Bagaimana tumbuhan bisa berluminesens jika gen pada Azotobacter, bukan pada tumbuham"
6/20/2021 21:58,Tim Juri,BIOLUMVITO - UPI,Ide ambisius untuk mengatasi polusi cahaya dengan bioluminescence,3,2,3,"Apakah solusi ini akan mengurangi penggunaan listrik pada malam hari? Aplikasi bioluminescence sangat bermanfaat dalam berbagai macam aspek di bioteknologi. Meskipun demikian, anda perlu mempertimbangkan faktor efisiensi (berapa lux cahaya yang dihasilkan) dibandingkan teknologi ramah lingkungan yang sudah ada serta aspek biosafety dalam penggunaan GMO di lingkungan. "
6/21/2021 17:29,Tim Juri,BIOLUMVITO - UPI,Penggunaan gen Lux yang mampu bioluminesensi di Vibrio ke Azotobacter dan prospeknya untuk sebagai media penerang di kota,5,4,4,"Sebenarnya aplikasi bioluminesensi sebagai penerang sudah pernah dilakukan, akan tetapi muncul masalah dalam hal kestabilan gen (sehingga produksi massal terganggu) dan perlu dipikirkan juga metode ""kill switch"" (mis: gen yang membuat dia lebih lemah terhadap herbisida, dll) yang bisa mencegah si GMO yang sudah menjadi subjek biologi sintetik untuk mencemari gene pool."
6/21/2021 18:08,Tim Juri,BIOLUMVITO - UPI,bioluminescence sebagai pengganti lampu,2,2,3,Mekanisme insersi gennya seperti apa? Mekanisme pathway apa yang membuat tanaman bisa berpendar?
6/20/2021 18:39,Tim Juri,BIOMER_UPI,Masalah lingkungan + Biologi sintetik,4,4,3,Perlu diperhatikan desain konstruksi yang ramah lingkungan
6/20/2021 20:09,Tim Juri,BIOMER_UPI,.,3,4,3,"Sebaiknya warna kontras, misalnya merah vs biru, atau biru vs hijau. Ungu vs biru agak susah dibedakan secara visual"
6/20/2021 23:11,Tim Juri,BIOMER_UPI,Topik yang diangkat cukup menantang,4,3,3,"Permasalahan limbah merkuri merupakan salah satu masalah yang dapat kita temui berbagai lokasi di Indonesia, seperti pada tambang2 tradisional. Mengapa anda memilih E. coli sebagai chassis? Bagaimana rencana anda untuk mengimplementasikan invensi anda? Apakah anda sudah mempertimbangkan aspek biosafety?"
6/21/2021 18:24,Tim Juri,BIOMER_UPI,Bioremediasi merkuri dengan E. coli,4,5,4,"Metode biologi sintetik yang ditawarkan sudah bagus. Akan tetapi, yang saya agak bertanya2 adalah bukankah merkuri dalam wujud stabil adalah Hg dan bersifat cair? Bukankah jika dia jadi volatil akan menjadi berbahaya? Ini perlu dikonfirmasikan lagi"
6/21/2021 18:53,Tim Juri,BIOMER_UPI,degradasi merkuri dengan rekayasa genetik E. coli,3,2,3,Perlu dijelaskan kenapa harus E. coli dibandingkan dengan Bacillus
6/4/2021 14:47,Tim Juri,CAMphage,Penggunaan bakteriofaga sebagai vektor sangat unik untuk melawan kanker,5,5,5,"Idenya sangat menarik, walau mungkin bisa digambarkan juga secara singkatnya bagaimana prosedur penyisipan dan semacamnya"
6/20/2021 7:37,Tim Juri,CAMphage,Memberikan alternatif drug delivery system unyuk kanker paru-paru,4,5,4,"Perlu dilakukan banyak skrining jika ingin mendapatkan hasil IgG spesifik begitu juga senyawa aktif yang ampuh sebagai obat anti kanker. Jika bisa dilakukan semuanya dengan baik akan bagus tapi harus lebih fokus, terutama untuk hal drug delivery system ini lumayan kompleks."
6/20/2021 14:09,Tim Juri,CAMphage,.,3,3,3,"Kenapa memilih bacteriophage, bukan virus atau sistem yang lain? Jadi IgG yang didesain adalah untuk pengenalan spesifik? Apa senyawa antikanker yang akan dilepaskan? Bagaimana packing senyawa tersebut ke dalam bacteriophage?"
6/20/2021 15:57,Tim Juri,CAMphage,Deskripsi ide yang detail mengenai targeted drug delivery system yang potensial,5,4,5,Ide yang menarik. Apakah anda sudah menentukan obat yang akan diantarkan dengan sistem bakteriofag ini? Berapa besar kargo yang dapat diangkut? Bagaimana implementasi terapi ini secara in vivo? Apakah ada aspek2 bioethics dan biosafety yang perlu dipertimbangkan?
6/20/2021 18:33,Tim Juri,DelacGene - UPI,Alternatif degradasi limbah selain white rot fungi,4,4,4,Perlu diperhatikan konstruk demi keamanan lingkungan
6/20/2021 19:45,Tim Juri,DelacGene - UPI,.,3,3,3,Mengapa perlu tag untuk pemurnian?
6/20/2021 22:28,Tim Juri,DelacGene - UPI,Ide yang sangat menarik dan potensial,4,3,4,"Aplikasi lakase dalam bioremediasi cukup potensial. Dalam proposal yang diajukan, gen lakase berasal dari organisme lain yang cukup jauh (jamur). Apakah perlu dilakukan optimasi supaya gen tersebut dapat diekspresikan dengan baik pada host yang dipilih? Bagaimana anda akan mengaplikasikan invensi anda? Apakah anda sudah mempertimbangkan mengenai aspek biosafety?"
6/21/2021 17:54,Tim Juri,DelacGene - UPI,Pemanfaatan synbio pada alga (Chlamydomonas) untuk media fikoremediasi merupakan ide yang tidak terlalu umum,5,5,5,Tim ini sudah sangat baik dalam memaparkan rencana aplikasi biologi sintetik yang akan digunakan sebagai media penelitian dan juga solusi dari masalah yang ada
6/21/2021 18:40,Tim Juri,DelacGene - UPI,penggunaan ala untuk fikoremediator dengan rekayasa genetik,3,3,4,Sebaiknya dilanjutkan hingga wet lab yaa
6/4/2021 14:01,Tim Juri,DipoInfor,"Peserta memanfaatkan produk biota laut sebagai bahan bioprospek kosmetika, di mana kebanyakan saat ini digunakan metabolit tumbuhan, lumayan anti-mainstream",3,4,4,"Ide dari peserta menarik, cuma perlu ditulis secara singkat mengenai biota laut apa yang akan dipakai sehingga mungkin bisa membuat judulnya lebih spesifik dan menarik. Ditambah, senyawa yang dipilih malah banyak yang juga ada di biota darat (e.g. retinol, saponin), baiknya coba dipilih senyawa yang lebih spesifik dari biota laut. Kemudian bisa ditambahkan gambaran prospek ke depannya pasca studi bioinformatika yang dilakukan, e.g. uji klinis, dll. Sehingga potensi mengundang perhatian kolaborator akan lebih tinggi"
6/19/2021 11:42,Tim Juri,DipoInfor,Bioprospeksi senyawa metabolit dari laut Indonesia,2,3,4,"Ide yang menarik melihat bioprospek biota laut, hanya saja sebaiknya juga disajikan senyawa target selain dari bakterinya saja, dan bagaimana ketersediaan kakas pendukung (database senyawa, banyaknya uji) sebelum melakukan penelitian bioinformatika."
6/20/2021 6:52,Tim Juri,DipoInfor,Bioprospeksi dari kearifan lokal,3,4,4,"Pada dasarnya senyawa dari mikroba laut di Indonesia sudah banyak yang meneliti, mulai dari potensi PGPR, anti kanker dan antimikroba. Oleh sebab itu seharusnya mungkin lebih spesifik dari biota laut yang diambil dan memiliki potensi yang lebih besar dari yang sudav ada sebelumnya."
6/20/2021 13:37,Tim Juri,DipoInfor,.,3,3,3,Ide perlu dipertegas. Apakah bioprospeksi senyawa antimikroba tehadap bakteri target? Model dan docking apa yang dilakukan?
6/20/2021 16:02,Tim Juri,DipoInfor,Keanekaragaman hayati dan bioaktif dari laut Indonesia merupakan sumber daya yang luar biasa dan perlu dikaji dengan pendekatan yang lebih masif ,2,2,4,"Anda perlu mendetailkan permasalahan yang ingin dikaji: apakah bioprospeksi atau kulit wajah? Dari abstrak dan elevator pitch, seharusnya problem utama yang ingin anda selesaikan adalah permasalahan kulit wajah. Oleh karena itu, pitch dan abstrak sebaiknya dimulai dengan mendefinisikan permasalahan yang dihadapi kulit wajah (orang tropis mungkin?) dan solusi apa yang sudah tersedia (bahan2 aktif apa yg ada di kosmetik / skin care?). Apa kekurangan dari solusi yang sudah ditawarkan sebelumnya (kosmetik / skin care komersil)? Apakah anti-microbial resistance menjadi permasalahan utama perawatan kulit ataukah ada aspek lain yang perlu dipertimbangkan? Kenapa biota laut menjadi sumber yang menarik untuk dilakukan bioprospeksi kosmetik? Biota laut yang mana yang akan dijadikan target bioprospeksi? Bagaimana anda akan melakukan bioprospeksi? Apakah project ini akan dimulai dari sampling di laut atau menggunakan data yang sudah ada? Jenis data apa yang akan diambil / digunakan? Apakah senyawa hasil bioprospeksi dapat diproduksi secara sustainable?
Saran:
1.	Karena luasnya scope yang diajukan, saya sarankan untuk memfokuskan dulu sumber daya hayati yang ingin dieksplor (misal: mikrobia laut, coral, sponge, dst). 
2.	Dalam konteks ini (jika premis penyebab permasalahan kulit wajah adalah mikroorganisme), pemodelan 3D dan docking tidak tepat untuk digunakan sebagai metode bioprospeksi. Karena anda ingin mengeksplorasi keragaman senyawa bioaktif, approach (bioinformatika) yang bisa digunakan adalah genomics (prediksi biosynthetic gene cluster metabolit sekunder) atau metabolomics.
3.	Mungkin beberapa sumber ini dapat menginspirasi: https://scripps.ucsd.edu/cmbb/research, https://antismash.secondarymetabolites.org/#!/about, https://gnps.ucsd.edu/ProteoSAFe/static/gnps-splash.jsp 
"
6/4/2021 16:54,Tim Juri,EBerekayasa,Penggunaan TCR untuk melawan NHL,4,2,3,"Konsep penelitian sudah baik, namun aspek bioinformatika dan biologi sintetiknya tidak ada. Bisa dieksplor lagi"
6/19/2021 18:05,Tim Juri,EBerekayasa,penggunaan suicide gene untuk terapi kanker limfoma,3,2,4,tidak dijelaskan metode yang cukup bagaimana cara membuat si suicide gene ini dan pendekatan serta teori apa yang digunakan
6/20/2021 8:17,Tim Juri,EBerekayasa,Terapi dengan pemanfaatan suicide gene,4,4,4,Perlu diperhatikan desain sehingga spesifisitas Tcell baik dan juga kriteria oemilihan suicide gene
6/20/2021 15:43,Tim Juri,EBerekayasa,"Identifikasi masalah yang menarik, peserta mencoba membuat sistem bunuh diri pada T-Cell hasil rekayasa yang tidak spesifik mendeteksi kanker",3,4,4,"Ide yang sangat menarik, namun perlu didetilkan strategi untuk self suicide yang diinginkan."
6/20/2021 18:13,Tim Juri,EBerekayasa,.,3,4,3,Bagaimana aktivasi temporal suicide gene
6/4/2021 14:30,Tim Juri,Erithrological,"Peserta memaparkan secara detail atas metode, proses, dan hasil studi yang dilakukan",5,5,5,"Peserta mampu memaparkan dengan baik walaupun tadi agak overshoot waktunya (agak kepanjangan). Sejauh ini, dari slide, peserta memberikan gambaran ringkas soal hasil dan apa yang bisa dilakukan"
6/19/2021 12:04,Tim Juri,Erithrological,Penggunaan bioinformatika sebagai kakas untuk efektivitas metabolit sekunder pada pembentukan kolesterol,4,3,4,Sebaiknya dilihat secara sistematis antara pathway metabolisme dan tidak hanya berpatokan pada uji pemodelan protein
6/20/2021 7:30,Tim Juri,Erithrological,Mengangkat masalah yang banyak dihadapi karena perubahan gaya hidup citizen,4,5,4,"Belum dijelaskan asal natural ligands, karena hal ini akan menjadi proses yang sangat lama intuk skrining natural ligands "
6/20/2021 13:59,Tim Juri,Erithrological,.,3,3,3,"Ketika memilih pembanding (obat sintetik), harus diingat utk memilih obat dengan mekanisme yang sama, yaitu inhibitor PCSK9"
6/20/2021 15:43,Tim Juri,Erithrological,Cool pitch! Interesting identification of the problem,4,2,4,"You made a great effort in identifying target candidates for the problem proposed (PCSK9). What do you think triggers the increased production in PCKS9? Do ordinary people have a high level of PCKS9? 

I think you should re-think how to explore the solution to this problem. You should focus on the binding site of the target protein and its potential ligand, rather than limiting yourself to just the natural products from Indonesian fruit. Unless you have a strong lead that native Indonesian fruit has this potential, it will be a wild goose chase. "
6/20/2021 20:16,Tim Juri,Erithrological,.,3,3,3,.
6/21/2021 18:35,Tim Juri,Erithrological,Penggunaan ekstrak buah2an untuk melawan kolesterol ,4,4,4,Penyampaian sudah oke. Tolong tambahkan simulasi dinamika molekuler untuk memvalidasi afinitas pengikatan ligan. Mungkin juga bisa dispesifikkan buah apa dulu yang bisa diuji agar percobaan bisa lebih terarah
6/20/2021 16:16,Tim Juri,EUNOIA,The team tries to solve current COVID19 problem which has became a pandemic,4,2,2,"Nice presentation! It seems to me that the main problem addressed is the COVID-19, not what is inside curcumin. While it shows promising chemicals, I think you should be critical about the hypothesis you proposed: “Curcumin is a wonder drug for COVID-19”. I think it would be helpful for you to approach in detail one of the complications caused by COVID19 (such as the cytokine storm) and do a thorough literature review of the papers in the past year on: (1) how to treat them and (2) what kind of drugs approved by different governments/institutions. By focusing on curcumin, you limit yourself to find potential treatment for the problem you are facing.   "
6/20/2021 18:03,Tim Juri,EUNOIA,Hot topic about covid-19,4,4,5,Untuk curcuminnya dibuat sebagai apa? Mengjambat ACE? Perlu adanya studi literatur lebih banyak tentang binding dan prediksinya
6/20/2021 18:38,Tim Juri,EUNOIA,.,3,3,3,Apakah tujuan sebagai antiviral (target ke protein virus) atau antiinflamasi (target ke protein manusia)?
6/21/2021 15:08,Tim Juri,EUNOIA,Pemanfaatan kurkumin sebagai obat covid,2,1,3,Abstrak dan pitching tidak memberikan solusi teknis dan metodologi yang jelas terhadap permasalahan yang diangkat
6/21/2021 15:48,Tim Juri,EUNOIA,Tim melakukan eksplorasi bioprospeksi curcumin sebagai obat,4,3,3,"Ide dari tim ini untuk menggunakan curcumin menarik. Penggunaan review sistematik lumayan menjanjikan. Akan tetapi, tim ini sebaiknya perlu menjabarkan lebih spesifik apa yang ingin dicari (mis: obat kah? jika iya, obat yang seperti apa?), karena apa yang dicari terlalu luas. Selain itu perlu dicoba untuk ""bermain"" bioinformatika (mis: fokus ke suatu protein, dll) ataupun prospek biologi sintetika, sebab ini yang menjadi sorotan utama di BIOS"
6/4/2021 14:06,Tim Juri,Fake Team Diponegoro,"Peserta menggunakan metabolit biota laut sebagai antibakteri, cukup unik karena biasanya untuk docking dipilih dari metabolit tumbuhan",4,4,4,"Pemilihan senyawa sudah oke. Mungkin gambaran ke depannya pasca analisis bioinformatika bisa digambarkan walau singkat, sehingga bisa meningkatkan peluang kolaborasi"
6/19/2021 11:57,Tim Juri,Fake Team Diponegoro,Bioprospek dari biota laut untuk antibiofilm dengan pendekatan bioinformatika,2,3,4,"Masih perlu dimatangkan konsep simulasi molekulnya, dan sebaiknya lampirkan juga referensi senyawanya terlebih dahulu"
6/20/2021 6:56,Tim Juri,Fake Team Diponegoro,Sumber dari ekearifan lokal,3,4,4,Belum spesifik organisme yang akan diambil karena di laut banyak organisme yang memiliki potensi bagus
6/20/2021 13:40,Tim Juri,Fake Team Diponegoro,.,3,3,3,Perlu dipertegas enzim / protein apa yang akan ditarget dalam mencari senyawa anti-biofilm.
6/20/2021 15:46,Tim Juri,Fake Team Diponegoro,Problem yang diajukan sangat detail dan menarik  ,4,3,5,"Problem yang diajukan tentang biofilm pada plak gigi sangat menarik, namun benang merah kenapa harus mencari senyawa anti biofilm dari laut masih kurang jelas. Apakah hanya karena belum banyak dieksplorasi saja? Gagasan ini akan menjadi lebih menarik jika kita mencari tahu apakah ada komunitas bakteri laut yang membentuk biofilm dan apakah secara alami ada mekanisme yang menghambat pembentukan biofilm ini. "
6/20/2021 18:11,Tim Juri,FK Unjani,Kearifan lokal untuk masalah global,4,4,4,Apakah akan dilakukan wetlab atau hanya drylab? Karena akan menjadi proses yang panjang untuk wetlab.
6/20/2021 18:48,Tim Juri,FK Unjani,Wetlab-based,3,3,3,This will require advanced lab work. Where does/will the funding come from?
6/20/2021 21:46,Tim Juri,FK Unjani,Interesting approach to find anti-HIV ,3,3,3,"The proposed idea was based on the discovery of a trypsin inhibitor from rambutan seeds, which shows antitumor, anti-HIV-1 RT, and Nitric Oxide-Inducing properties. Why do you choose to do protein sequencing? I think that looking at the information in the genome will be a better first approach, followed by transcriptomics. How does the protein candidate inhibit HIV-1 RT? What is the mechanism of action? If the protein were a trypsin inhibitor, wouldn’t it inhibit not just RT but also a vast array of other enzymes? What is your plan after successfully sequencing the 20 kDa protein? How will you be sure that you will get a clean sequence from the 20 kDa extract?
	 
"
6/21/2021 16:05,Tim Juri,FK Unjani,Tim ini menggunakan bahan biji rambutan sebagai potensi inhibitor enzim RT HIV,5,5,5,"Prospek yang menarik karena menggunakan subjek yang jarang terpikirkan, yaitu rambutan. Mungkin nanti tinggal dipikirkan metode administrasinya ke pasien juga"
6/21/2021 17:51,Tim Juri,FK Unjani,terapi HIV dengan biji rambutan,3,2,3,Metode kurang lengkap dan tidak koheren
6/4/2021 16:50,Tim Juri,Flavoquinon,Penggunaan metabolit mengkudu sebagai antihipertensi,5,4,3,"Pemilihan mengkudu sebagai subjek sebetulnya sudah sangat umum, mungkin bisa 2 hal: Eksplorasi zat nya lebih dalam, atau ganti tumbuhannya, sehingga prospek mengundang kolaborator lebih tinggi"
6/19/2021 17:40,Tim Juri,Flavoquinon,analisis kandidat obat antihipertensi dengan bioinformatika,4,4,4,"pembuatan docking sebaiknya tidak hanya melibatkan senyawa yang ingin diteliti, namun juga membandingkan dengan kontrolnya (obat hipertensi konvensional)"
6/20/2021 8:13,Tim Juri,Flavoquinon,Mengangkat masalah yang banyak dihadapi masyarakat,4,5,4,Perlu dibandingkan jika senyawanya tidak digabung bagaimana afinitasnya dan perlu dibandinglan juga dengan senyawa obat yang sudha beredar di pasaran
6/20/2021 15:45,Tim Juri,Flavoquinon,Peserta mengajukan kombinasi dua senyawa dalam menghambat ACE-1,2,2,3,"Apakah penggunaan kombinasi dua senyawa tersebut akan lebih baik daripada penggunaan satu senyawa saja? Bagaimana memodelkan interaksi ketiga molekul tersebut (Flavonoid, antrakuinon, dan ACE-1)? Apakah tidak akan terjadi kompetisi pada sisi aktif ACE-1? Apakah memungkinkan adanya efek komplikasi dari dua senyawa tersebut?"
6/20/2021 18:11,Tim Juri,Flavoquinon,.,3,4,3,Apakah senyawa tidak memiliki efek samping yang ingin dihindari dari obat konvensional?
6/4/2021 14:17,Tim Juri,Froncavi,"Peserta bisa menunjukkan secara singkat di file presentasi mekanisme apa yang diharapkan terjadi, penggunaan metabolit tumbuhan vs sintesis kolesterol",5,5,4,"Sudah oke, mungkin bisa ditambahkan apa yang bisa dilakukan secara prospektif pasca studi bioinformatika, sehingga bisa menarik kolaborator"
6/19/2021 12:31,Tim Juri,Froncavi,penggunaan bahan alami untuk jantung koroner,4,3,3,spesifik mengenai tumbuhan/organisme yang ingin diteliti supaya tidak terlalu lebar cakupan penelitiannya
6/20/2021 7:03,Tim Juri,Froncavi,Memanfaatkan tanaman lokal untuk masalah global,4,4,5,Perlu dipastikan dengan literatur apakah memang senyawa tersebut dominan di buah-buahan tersebut dan apakah ada pembanding senyawa antikolesterol yg ada dipasaran sehingga bisa dilihat juga binding-affinitynya
6/20/2021 13:49,Tim Juri,Froncavi,.,3,3,3,Mengapa memilih senyawa pada tumbuhan-tumbuhan tersebut? Apakah ada bukti empiris penurunan kolesterol?
6/20/2021 15:54,Tim Juri,Froncavi,Peserta menunjukkan literatur / pemahaman yang baik akan permasalahan dan metode yang tepat,5,3,2,"Anda dapat dengan detail menunjukkan mekanisme aterosklerosis yang diakibatkan oleh penimbunan kolesterol. Meskipun demikian, saya masih merasakan adanya missing link antara permasalahan yang diajukan dengan ketiga metabolit yang ingin diujikan. Hipotesis apa yang membuat anda memilih ketiga tanaman dan metabolit tersebut? Apakah ada solusi lain selain penggunaan senyawa alam untuk mengatasi aterosklerosis? Jika ketiga senyawa tersebut terindikasi mampu mengatasi aterosklerosis, bagaimana langkah untuk memproduksinya secara sustainable?"
6/4/2021 15:04,Tim Juri,getEXTREME,Bioprospeksi mikroba ekstremofil sangat menarik,4,3,3,"Peserta mempresentasikannya dengan sangat hidup dan semangat. Ide yang diberikan sangat menarik, akan tetapi terlalu generalis. Apa saja yang bisa dilakukan? Apa yang akan distudi? Itu perlu dijabarkan. Ini momen presentasi, tapi peserta menjabarkannya seperti promosi. Coba lebih ringkas dalam memaparkan, tapi bisa memberikan gambaran soal apa yang bisa diteliti dan produknya dengan metode spesifik"
6/19/2021 12:57,Tim Juri,getEXTREME,database bakteri ekstrim terintegrasi,5,4,5,ditunggu aplikasinya berjalan sempurna di showcase!
6/20/2021 7:53,Tim Juri,getEXTREME,Inovasi baru untuk database SDG dari Archaea,4,3,5,Perlu adanya perbandingan dengan sistem database yang sudah ada dan apa yang bisa ditawarkan dari getEXTREME ini sehingga para pengguna akan beralih 
6/20/2021 14:48,Tim Juri,getEXTREME,Database untuk biologi sistem (survival in extreme) dan bioprospeksi,3,4,4,Bagaimana strategi mendapatkan genom extremophiles sebagai input?
6/20/2021 15:49,Tim Juri,getEXTREME,Interesting idea that will be useful for the community if successful,4,5,5,"The topic and ideas brought by the team are challenging and ambitious. Understanding extremophiles genetics will be helpful in many different aspects of biotechnology. This project proposes two ideas: (1) a well-curated database of genes related to thermophiles survivals and (2) software that detects those genes. 

The details of the method are not yet revealed in the proposal. How do you build the database? What does it mean to be curated? How do you identify genes related to extremophiles survival? Will it be rule-based approaches (like AntiSMASH / pHMMs), microbial genome-wide association studies (mGWAS), or utilizes evolutionary approaches? The main challenges of these approaches are certainly the availability of high-quality genomes and our ability to annotate genes in extremophiles accurately. How will you address this problem? 

Nevertheless, the idea is exciting, and an open-source/collaborative effort that involves a global community will be necessary to achieve these goals. "
6/4/2021 14:23,Tim Juri,GUNA Team (Universitas Airlangga),Peserta menggunakan miRNA sebagai potensi terapi kanker,5,4,3,"Metode yang ditawarkan menarik. Akan tetapi kurang dijabarkan bagaimana miRNA nya digunakan dll, sehingga secara sekilas, solusi yang diberikan agak terlihat blur dan kurang menarik."
6/19/2021 12:16,Tim Juri,GUNA Team (Universitas Airlangga),pendekatan synthetic biology untuk terapi kanker memanfaatkan pathway pada kanker tersebut,4,4,4,bagaimana efektivitas promoter dapat disimulasikan secara in silico jika wetlab tidak memungkinkan?
6/20/2021 7:25,Tim Juri,GUNA Team (Universitas Airlangga),Menggunakan metode pendekatan yang sedang hype saat ini yaitu CRISPR,5,4,5,Perlu diperhatikan untuk strategi desain CRISPR-Cas9 yang sesuai sehingga mengurangi kesalahan out of target
6/20/2021 13:55,Tim Juri,GUNA Team (Universitas Airlangga),Pendekatan pemilihan promoter menarik,3,4,4,"TRIM11 punya fungsi fisiologis sendiri. Jika sebagai ""pencegahan"", berarti diberikan pada sel sehat? Apa efek samping downregulasi TRIM11 pada sel normal?"
6/20/2021 15:56,Tim Juri,GUNA Team (Universitas Airlangga),The participant showed a good understanding of the problem and delivered an interesting approach in cancer therapeutics  ,5,4,4,"An interesting approach in treating lung cancer. How do you come up with the miR-5193? Which transcriptome dataset/population does it come from? How will you deliver the therapeutic agent/insertion with CRISPR? If you are planning to use genome editing anyways, why not using KO of the target (TRIM11) instead of gene silencing? What might be other roles of TRIM11? 

I think it would be interesting to try out to build a mathematical model of the system to see other effects of targeting TRIM11. As with many other cancer cells, the problem might lie not just in a single gene but also as a whole; therefore, a system approach will be valuable to test the idea.  "
6/4/2021 17:01,Tim Juri,I3LCV,Penggunaan antigen tersitrulinasi sebagai bahan terapi,5,2,3,Metode yang ditawarkan menarik. Namun aspek bioinformatika dan/atau biologi sintetiknya tidak ada atau kurang ditonjolkan. Bisa dieksplor lagi untuk metodenya
6/19/2021 18:14,Tim Juri,I3LCV,multi target vaksin untuk kanker,3,2,4,metode yang dijabarkan masih cukup umum
6/20/2021 8:22,Tim Juri,I3LCV,Alternatif untuk terapi kanker paru-paru,4,3,4,Spesifisitas dan afinitas jika dibandingkan mono epitope
6/20/2021 15:41,Tim Juri,I3LCV,Interesting and ambitious idea to treat cancer,5,3,4,"Cancer vaccines are promising therapeutics against cancer. How do cancer vaccines work so far? The idea presented is to develop a multi-epitope peptide-based vaccine for NSCLC utilizing citrullinated peptides for the Indonesian population. The first challenge will be to identify biomarkers and decide if they should be given to an individual (as personalized medicine) or safe to be given to a population. Given the nature of cancer, this step and the epitope prediction will be the most challenging aspects. Additionally, building a post-translational model of the peptides will pose a challenge. Do we have enough data to perform analysis within the Indonesian population? Do you think this vaccine should be given to everyone or only to persons with cancer risk? If the latter, then how do you identify risky individuals? Will different citrullination show different efficacy?"
6/20/2021 18:16,Tim Juri,I3LCV,The use of citrinulated antigen,3,3,4,.
6/20/2021 18:16,Tim Juri,Kougami Arising,Pemanfaatan deep learning untuk mental health,4,3,5,Perlu diperhatikan scoring apakah sudah tervalidasi dan minimun datanya
6/20/2021 19:24,Tim Juri,Kougami Arising,Artificial intelligence dalam kedokteran jiwa,3,4,3,Bagaimana mendapatkan set data untuk machine learning awal?
6/20/2021 21:50,Tim Juri,Kougami Arising,A really challenging and interdisciplinary idea,5,4,4,"What is the main problem & the main aim of the project? How does psychoanalysis for the detection of mental disorder conducted? What are the challenges of the current method (used by psychologist)? How does the project aim to solve the current challenges? 

The main problem you will face is the dataset required. You would likely use public databases, as generating new data requires long processes and ethical clearance.

The main thing to consider is “trash in, trash out” à deep learning relies on the label given; I think it will be more interesting to get in-depth for the feature extraction processes.

You will need to work hand in hand with a psychologist to develop the method.

Think about how this can be applied to the public. Is it better to have an android app as a questionnaire or something that utilizes the hardware available in everyday smartphone "
6/21/2021 17:17,Tim Juri,Kougami Arising,Penggunaan EEG untuk membantu diagnosis gangguan mental,3,2,4,"Sebenarnya alat ini sangat berprospek karena sangat membantu tenaga medis untuk mengetahui gangguan mental dengan lebih cepat, akan tetapi mungkin bisa dieksplor bagian bioinformatika atau biologi sintetik yang mana merupakan tema utama dari acara ini"
6/21/2021 18:02,Tim Juri,Kougami Arising,Klasifikasi penyakit mental menggunakan EEG,2,3,4,"Oversimplifikasi, tidak menjelaskan dataset, tujuan penelitian masih terlalu umum"
6/4/2021 15:11,Tim Juri,MEVolution,Peserta memaparkan proses pembuatan vaksin secara in silico,4,4,4,"Sudah bagus, tapi mungkin peserta perlu menjabarkan metode singkat dan prospek penelitian juga "
6/19/2021 17:04,Tim Juri,MEVolution,vaksin untuk mencegah beragam jenis cancer,3,3,4,"Masih belum jelas kemampuan si vaksin ini dan pemakaiannya seperti apa, dan jika memungkinkan bisa simulasi pathway juga untuk mengkonfirmasi solusinya"
6/20/2021 8:00,Tim Juri,MEVolution,Mengangkat masalah global yang sampai sekarang masih terus dikembangkan solusinya yaitu kanker,4,5,5,"Harus diperhatikan seberapa besar efektifitasnya dibandingkan dengan vaksin tunggal dan apakah dapat diprediksi afinitasnya akan sama untuk setiap epitope, jika tidak bagaimana solusinya"
6/20/2021 14:54,Tim Juri,MEVolution,Strategi silver bullet untuk berbagai jenis kanker,4,4,4,Bagaimana menggabungkan beberapa epitope tapi tetap memicu respons imun yang diinginkan untuk masing-masing epitop?
6/20/2021 15:53,Tim Juri,MEVolution,Interesting and ambitious idea to treat cancer,4,3,3,"Cancer vaccines are promising therapeutics against cancer. How cancer vaccines do works so far? The idea is presented to give a vaccine that can prevent multiple cancer with high risk in the Indonesian population. The first challenge will be to identify biomarkers and decide if they should be given to an individual (as personalized medicine) or safe to be given to a population. Given the nature of cancer, this step and the epitope prediction will be the most challenging aspects. Do we have enough data to perform this in the Indonesian population? Do you think this vaccine should be given to everyone or only to persons with cancer risk? If the latter, then how do you identify risky individuals? "
6/20/2021 18:23,Tim Juri,MICRODEGRADATION TEAM,Masalah lingkungan global,4,4,4,Jika yang digunakan hanya docking maka hanya akan tahu afinitas saja bagaimana prediksi degradasinya?
6/20/2021 19:39,Tim Juri,MICRODEGRADATION TEAM,.,3,4,4,.
6/20/2021 22:13,Tim Juri,MICRODEGRADATION TEAM,Ide yang menarik untuk mencari kemampuan mendegradasi PET dari enzim-enzim yang dihasilkan oleh beberapa mikroorganisme,3,3,5,Penemuan enzim PETase dari I. sakaiensis membuka peluang kita untuk melakukan degradasi plastik dengan lebih ramah. Bagaimana anda akan melakukan pemodelan aktivitas enzim secara in silico? Apakah molecular docking dapat dilakukan untuk melihat efisiensi enzim terhadapt substrat? Perlu dipahami bahwa PET merupakan molekul / polimer yang cukup besar. Bagaimana enzim2 tersebut dapat mengakses polimer PET tersebut? Bagaimanakah mechanism of action dari enzim2 tersebut.
6/21/2021 17:44,Tim Juri,MICRODEGRADATION TEAM,Pemanfaatan 3 organisme sekaligus untuk memprospek enzim pengurai PET,4,4,5,Metode yang dilakukan sudah baik. Tambahkan simulasi dinamika molekuler untuk menambah validitas data hasil docking
6/21/2021 18:19,Tim Juri,MICRODEGRADATION TEAM,Komparasi enzim pengurai PET dari ragam organisme,4,3,4,bisa dieksplor lebih jauh secara laju reaksinya dan kira-kira faktor apa yang bisa mengoptimalkan laju tersebut
6/20/2021 18:38,Tim Juri,PANACEA,Machine Learning,4,4,4,Perlu dipertimbangkan apakah dapat dilakulan semuanya atau dititik beratkan pada penghambatan
6/20/2021 20:07,Tim Juri,PANACEA,.,3,4,3,Need to reassure the drug designed do not change normal human cellular machinery
6/20/2021 23:03,Tim Juri,PANACEA,Cool project and nice presentation on a using ML to simulate protein target and drug for SARS-CoV-2,4,5,5,Interesting idea that not only address known protein target but potentially inihibit evolving mutation. It will be interesting if the team can predict how a mutation might change the structure of target proteins and find drug candidate that might inhibit them. Where will you find necessary datasets to work on your ML model? What kind of ML approach will you build?
6/21/2021 18:16,Tim Juri,PANACEA,Penggunaan aplikasi machine learning untuk penentuan multiple drug untuk melawan virus,4,3,3,"Tujuan yang diinginkan mungkin sudah bagus, akan tetapi kurang dijabarkan dengan jelas apa yang dimaksud dengan ""machine learning"" di sini. Mungkin ini metode yang baik bila bisa dijabarkan dan dikembangkan"
6/21/2021 18:51,Tim Juri,PANACEA,penggunaan machine learning untuk prediksi obat,4,4,5,Cantumkan juga fungsi objektif machine learning kamu dan features apa yang kamu gunakan untuk membuatnya memenuhi fungsi objektif tersebut
6/20/2021 18:46,Tim Juri,Panzerkampfwagen V,Alternatif vaksin terapi kanker,4,4,4,Perlu diperhatikan afinitas binding dan spesifisitas dalam mendesain vaksin
6/20/2021 23:26,Tim Juri,Panzerkampfwagen V,Topik yang cukup menarik dan penguasaan metode yang baik,4,3,3,Ide dan metode yang diajukan cukup baik. Apa yang menjadi tantangan dalam pembuatan vaksin bagi populasi Indonesia? Apakah dataset yang dibutuhkan sudah mumpuni untuk merepresentasikan populasi kita?
6/21/2021 19:02,Tim Juri,Panzerkampfwagen V,Bioinformatika vaksin HTLV,3,1,3,Spesifikkan lagi studi bioinformatikanya ya
6/20/2021 16:24,Tim Juri,RedNosZ - UPI,Ide yang menarik dimana peserta berusaha mengurangi emisi N2O pada pengolahan limbah dengan menambahkan bakteri penghasil enzim nosZ,3,4,5,Peserta mengajukan penggunaan promotor yang diinduksi oleh kadar oksigen rendah untuk memproduksi enzim nosZ yang akan mereduksi N2O menjadi N2. Bagaimana rencana anda dalam mengimplementasikan sistem ini pada waste water treatment plant? Apakah E coli merupakan chassis yang tepat untuk digunakan dalam kondisi ini? Bagaimanakah interaksi mikrobioma pada wastewater treatment plant dalam metabolism Nitrogen? Mengapa reduksi pada komunitas asli (native) kurang efisien?
6/20/2021 18:06,Tim Juri,RedNosZ - UPI,Mzngangkat permasalahan lingkubgan global,4,3,4,"Perlu diperhatikan sistem yang dirancang agar tidak justru menjadi ""genetic pollutant"""
6/20/2021 18:40,Tim Juri,RedNosZ - UPI,",",3,4,3,.
6/21/2021 15:13,Tim Juri,RedNosZ - UPI,penggunaan insersi gen untuk mengubah N2O menjadi N2 dengan sinyal warna,3,3,4,"Pembuatan organisme sintetik tidak ada metodologinya, bisa disertakan juga gambaran plasmid dan arah promotor sebagai pelengkap teknis"
6/21/2021 15:56,Tim Juri,RedNosZ - UPI,Penggunaan gen nosZ untuk mengubah N2O menjadi N2 melalui metode transgenik,4,3,4,"Ide yang ditawarkan tim ini menarik, yaitu penggunaan nosZ untuk mereduksi N2O menjadi N2. Sudah cukup mendekati dengan tema BIOS di mana menggunakan teknologi transgenik, bagian kecil dari biologi sintetik. Mungkin akan lebih seru kalau tim ini juga mengaplikasikannya lebih dalam lagi. Misalnya dipilih promotornya untuk mendeteksi N2O atau amonia, kemudian gennya ada nosZ untuk N2O dan gen nitrifikasi dari Rhizobium untuk mengubah amonia menjadi nitrat, atau semacamnya; dirangkai menjadi komponen sistem biologi sintetik"
6/20/2021 18:21,Tim Juri,Relic Team,Alternatif terapi alzeimer,3,3,4,Metode tidak dijelaskan briefnya bagaimana senyawq tersebut bisa digunakan untuk terapi
6/20/2021 19:34,Tim Juri,Relic Team,.,3,3,3,Pemilihan senyawa pembanding (obat standar) perlu memperhatikan mekanisme kerja
6/20/2021 22:05,Tim Juri,Relic Team,Topik yang diangkat cukup menantang,3,3,3,Anda dapat dengan baik menentukan target untuk mengatasi penyakit Alzheimer (BACE1). Apa yang menginspirasi anda untuk menggunakan Solanum betaceum sebagai sumber senyawa? 
6/21/2021 17:33,Tim Juri,Relic Team,Penggunaan senyawa bioaktif tanaman untuk pengobatan Alzheimer,2,1,2,"Metodenya cenderung terlalu umum dan perlu diperbaharui, coba baca jurnal2 terbaru Alzheimer yang mengkaji studi2 in silico. "
6/21/2021 18:13,Tim Juri,Relic Team,obat alzhemeir dari Solanum,2,2,3,"terlalu umum, tidak menjelaskan mekanisme penelitian dan tujuannya secara spesifik"
6/20/2021 18:08,Tim Juri,TIM GSEP4R,Terapi penyakit genetik,4,4,4,Perlu diperhatikan spesifitas target baik di vektor maupun untuk desain delivery di sel manusia
6/20/2021 18:44,Tim Juri,TIM GSEP4R,Penggunaan transit-ticketing system,3,4,3,.
6/20/2021 21:30,Tim Juri,TIM GSEP4R,Cool project and nice presentation on a smart therapeutics,5,5,5,Interesting idea to address transposase based genome-engineering problem. The authors propose a tight copy number control of the transgene copies by utilizing the transit-ticketing system (enhancer-like insertion-inhibitor). This solves one of the main problem faced in therapeutic applications where long-term exposure of the target cell are necessary. How do you make sure that the retroviral vector inserts the cargo to a neutral genomic location? How will you approach the modelling of the whole system?
6/21/2021 15:18,Tim Juri,TIM GSEP4R,terapi gen dengan virus untuk tay-sachs,3,3,4,"penjelasan pathway sebaiknya dilakukan sehingga tidak hanya gen terkait tapi bagaimana gen ini mempengaruhi sistem metabolisme secara keseluruhan, mekanisme signaling dari virus seperti apa"
6/21/2021 16:01,Tim Juri,TIM GSEP4R,"Kelompok ini berusaha menyediakan terapi gen untuk penderita penyakit Taylor-Sach, dan vektor perantara yang digunakannya cukup tak umum, yaitu menggunakan vektor virus",5,4,4,"Ide penggunaan virus sebagai vektor di sini sangat menarik. Pertanyaannya, apakah aplikasi vektor virus ini sulit dan lebih mahal? Mungkin ini perlu dipertimbangkan, namun bila lebih murah dibandingkan vektor lain seperti E. coli, ini bisa menjadi solusi menarik."
6/4/2021 14:53,Tim Juri,TIM UANG,Ide menggunakan miRNA untuk melawan kanker,4,4,3,"Ide menarik, cuma bagaimana mengemas aplikasi dan prospeknya kurang. Sehingga kurang menarik kolaborator"
6/19/2021 12:45,Tim Juri,TIM UANG,pendekatan sintetik biologi untuk pencegahan kanker,4,3,4,"metode terapi apa yang akan kamu kembangkan dengan penggunaan rekayasa genetika CRISPR? jika tidak memungkinkan secara wetlab, bagaimana kamu mengembangkannya secara in silico?"
6/20/2021 7:44,Tim Juri,TIM UANG,Menggunakan pendekatan CRISPR,4,4,4,Harus diperhatikan strategi desain CRISPR agar tidak out of target dan pemilihan promotor yang tepat agar dapat diprediksi regulasinya
6/20/2021 14:16,Tim Juri,TIM UANG,Pemilihan promoter menarik,3,4,3,.
6/20/2021 15:59,Tim Juri,TIM UANG,Good understanding of the problem and exciting application,5,4,4,"An interesting approach in treating TNBC. How do you come up with the miR-539? Which transcriptome dataset/population does it come from? How will you deliver the therapeutic agent/insertion with CRISPR? If you are planning to use genome editing anyways, why not using KO of the target (EGFR) instead of gene silencing? What might be other roles of EGFR? 

It would be interesting to try out to build a mathematical model of the TNBC and see what happens if we target EGFR. As with many other cancer cells, the problem might lie not in a single gene but as a whole. Therefore, a systems approach will be valuable to test the idea.  "
6/4/2021 16:42,Tim Juri,TP Unimus,Prospek metabolit jahe sebagai mikotoksin,2,2,2,"Meski konteks penelitiannya menjanjikan, peserta kurang menyinggung aspek bioinformatika atau biologi sintetik. Mungkin peserta bisa menggali lebih dalam prospek dan metodologinya agar bisa masuk scope aplikasinya, misal: setidaknya docking molekuler atau membahas jalur biosintetiknya"
6/20/2021 8:03,Tim Juri,TP Unimus,Pangan fungsional,4,2,4,Untuk idenya sudah lumayan bagus akan tetapi belum dijelaskan apa metode yang akan dipakai
6/20/2021 18:42,Tim Juri,TP Unimus,Pangan fungsional,4,2,4,Belum dijelaskan metode bioinformatika dan biologi sintetiknya
6/20/2021 20:14,Tim Juri,TP Unimus,.,3,1,3,Tidak tampak pemanfaatan biologi sintetik / bioinformatika
6/21/2021 18:30,Tim Juri,TP Unimus,Upaya menanggulangi mikotoksin (aflatoksin) di jahe,3,1,2,"Mungkin tim ini bisa mencoba menambahkan metode bioinformatika maupun biologi sintetik yang sederhana, agar sesuai dengan tema BIOS"
6/21/2021 18:58,Tim Juri,TP Unimus,Tidak ada yang mengarahkan ke arah bioinformatika/sintetik biologi,2,1,3,Tidak ada potensi secara bioinformatika dan sintetik biologi
6/20/2021 18:35,Tim Juri,Tricoli - UPI,Recycle,4,4,3,Perlu diperhatikan desain konstruk yang aman di lingkungan dan efektifitas degradasi sampah
6/20/2021 19:47,Tim Juri,Tricoli - UPI,.,3,4,3,Mengapa menggunakan E. coli?
6/20/2021 22:54,Tim Juri,Tricoli - UPI,Ide yang menarik terkait dengan metabolic engineering untuk menghasilkan biodiesel dari sampah organik,3,4,5,"Penggunaan rekayasa metabolik dalam mengolah sampah biomassa merupakan pendekatan yang sangat potensial. Mengapa anda memilih E coli sebagai chassis? Bagaimana pemodelan metabolik yang akan anda lakukan? Apakah jalur biosintesis yang anda pilih sudah optimal?

Beberapa tantangan yang perlu anda pertimbangkan: 
•	Kompleksitas sumber biomassa yang digunakan. Sampah organik mengandung berbagai macam sumber karbon, dan tidak semua sumber karbon dapat digunakan oleh E. coli
•	Metabolic load & rewiring. Bagaimana anda mengarahkan jalur metabolisme  E. coli menuju sintesis trigliserida? Apakah dampaknya pada kesintasan E. coli?
•	Genetic loss: jika construct yang dibuat memberikan metabolic burden, kemungkinan besar plasmid akan dibuang / dimutasi setelah beberapa generasi.
•	Kompetisi dengan mikrobioma yang ada pada sumber karbon dan berbagai macam mekanisme inhibisi

Beberapa tools/metode yang dapat digunakan:
•	Analisis Flux Balance (https://opencobra.github.io/cobrapy/) dengan menggunakan Genome Scale Metabolic Model (http://bigg.ucsd.edu/)
•	Adapted Laboratory Evolution (ALE) https://www.sciencedirect.com/science/article/pii/S0958166911000590 
•	Synthetic addiction https://doi.org/10.1073/pnas.1718622115 
"
6/21/2021 18:03,Tim Juri,Tricoli - UPI,Penggunaan gen dari Bacillus Substillis dan kelapa sawit untuk menguraikan sampah organik dan menghasilkan trigliserida untuk sumber energi,5,4,5,"Penelitian yang dilakukan sudah menarik, hanya saja bagian metode perlu dijabarkan lagi dengan lebih baik"
6/21/2021 18:45,Tim Juri,Tricoli - UPI,rekayasa metabolisme E. coli untuk produksi trigliserida,2,2,3,Perbaiki fundamental teori terutama mengenai substrat utama dan jalur metabolisme yaa
