,name,title,abstract,keywords,category,lang
0,Kougami Arising,Sibyl EEG: Diagnosis Aktivitas Otak pada Subjek Terindikasi Gangguan Mental dengan Elektroensefalografi (EEG) Berbasis Deep Learning,"COVID-19 menyebabkan kesehatan mental menjadi semakin buruk, diketahui sebanyak 77% persen masyarakat Indonesia mengalami mental health disorder. Secara umum, sel-sel neuron bekerja atas pengaruh emosi dan aktivitas yang disalurkan melalui mekanisme hormon atau pun sistem mekanisme kerja refleks. Kinerja otak ini dapat dilihat melalui teknik elektroensefalografi (EEG) yang membaca pola gelombang otak. Gelombang otak merupakan gelombang elektrik yang dihasilkan oleh akumulasi impuls elektrik oleh sel-sel neuron pada otak. Pola gelombang kerja otak pada seseorang yang normal/sehat dan seseorang yang mentalnya terganggu ternyata memiliki perbedaan. Deteksi ini diperlukan agar diagnosis kesehatan mental pada pasien dapat menjadi lebih akurat dan meyakinkan, baik bagi dokter maupun pasien. Pola yang dihasilkan EEG kemudian diolah menggunakan metode deep learning. Melalui proses ini, diagnosa penyakit mental dapat dilakukan.",,Diagnostik,Indonesia
1,Destination,,"COVID-19 merupakan penyakit yang disebabkan oleh SARS-CoV2 yang telah ditetapkan WHO sebagai pandemi. Pasien dengan COVID-19 berat menunjukkan peningkatan signifikan pada sitokin atau disebut badai sitokin. Badai sitokin yang kuat karena respon imun yang tidak seimbang dapat berakibat peradangan yang tidak terkendali di dalam jaringan dan organ utama. Salah satu bioaktif yang berpotensi adalah Kaempferol yang memiliki kemampuan immunosuppressive. Kaempferol merupakan salah satu senyawa utama yang terkandung pada Lengkuas (Alpinia galanga). Berdasarkan prediksi protein target melalui webserver swisstargetprediction.ch Receptor-type tyrosine-protein kinase FLT3 yang berkaitan dengan cytokine-mediated signaling pathway dan dendritic cell differentiation. Penelitian ini bertujuan untuk memprediksi Kaempferol untuk menghambat FLT3 melalui reverse docking. Docking dilakukan dengan software Pyrx dan divisualisasi dengan software Pymol dan Biovia Discovery Studio. Data dari software dan web dianalisis secara deskriptif dan dibandingkan dengan enam senyawa kontrol, yaitu Fedratinib, Fostamatinib, Nintedanib, Pazopanib, Chloroquine dan Hydroxychloroquine. Hasil penelitian menunjukkan nilai afinitas secara berturut-turut sebesar -7,8; -9,2; -8,5; -8,4; -9,6; -6,8; dan -6,7 kkal/mol. Berdasarkan hasil visualisasi, Kaempferol mempunyai residu asam amino yang mirip dengan kontrol. Analisis prediksi kemampuan biooral Kaempferol dengan aturan Lipinski’s Rule of Five dan uji toksisitas menunjukkan bahwa Kaempferol berpotensi sebagai kandidat aktif obat oral dan tidak bersifat racun. Hasil penelitian ini menyimpulkan bahwa Kaempferol dari Lengkuas dapat direkomendasikan sebagai kandidat obat badai sitokin pada pasien COVID-19 meskipun nilai afinitasnya tidak paling rendah dibandingkan senyawa kontrol, tetapi sifat alami pada Kaempferol menjadi nilai tambah dan pertimbangan lain.","Kaempferol, Alpinia galanga, immunosuppressive, cytokine storm, COVID-19, Receptor-type tyrosine-protein kinase FLT3, reverse docking",Obat-obatan/ Terapi kesehatan,Indonesia
2,Biogenesis,Desain Vaksin Peptida Salmonella enterica serovar Typhi  (S. Typhi) Berbasis In Silico Epitop Outer Membran Protein (OMP),"Salmonella enterica serovar Typhi (S. Typhi) merupakan bakteri patogen penyebab penyakit (menular) demam tifoid pada manusia. Saat ini, pengobatan tifoid semakin sulit dilakukan akibat tingginya resistensi strain S. Typhi terhadap antibiotik. Salah satu langkah untuk dapat menghentikan laju penyebaran dan prevalensi tifoid adalah dengan melakukan pengembangan vaksin tifoid yang efektif. Sejauh ini, sudah terdapat tiga jenis vaksin tifoid yaitu Ty21a, ViCPS dan Inactivated typhoid vaccine. Akan tetapi, efikasi yang dimiliki vaksin Ty21a dan ViCPS masih sekitar 65-70% serta proteksi moderat inactivated typhoid vaccine hanya memberikan hasil yaitu 51-67%. Studi yang dilakukan oleh Muthiadin et. al (2015) menunjukkan bahwa crude antigen OMP 36 kDa S. Typhi asal isolat Makassar memiliki kemampuan proteksi terhadap S. Typhi pada tubuh mencit. Reaksi aglutinasi ditunjukkan dengan tingkat sensitivitas 100%. OMP yang merupakan jenis antigen paling imunogenik tersebut berpotensi untuk dimanfaatkan dalam bidang pengembangan vaksin dan immunodiagnosis khususnya di Indonesia. Oleh karena itu, penelitian ini dilakukan sebagai langkah awal untuk mengembangkan epitop berbasis vaksin peptida secara in silico untuk melawan spesies S. Typhi. Studi dilakukan melalui pendekatan imunoinformatika secara komprehensif kemudian dilanjutkan dengan metode molecular docking dan simulasi dinamika molekuler untuk memprediksi kandidat vaksin epitop sel B dan sel T yang efektif berdasarkan struktur OMP.","S. Typhi, tifoid, OMP, vaksin, epitop",Diagnostik,Indonesia
3,FK Unjani,Sequencing and Bioinformatics Analysis of ~ 20 kDa Protein from Rambutan Seeds as HIV Reverse Transcriptase Inhibitor,"Antiretroviral (ARV) combination treatment, with the aim of reducing the number of viruses, is the popular choice of treatment for patients infected by the Human Immunodeficiency Virus (HIV). This treatment consists combinations of NRTIs and NNRTIs, which work by inhibiting the reverse transcriptase enzyme, an enzyme that plays a role in the reverse transcription (RT) of RNA into DNA in the replication process. Rambutan seeds contain a Kunitz-type trypsin inhibitor which has the potential to inhibit the RT enzyme in the HIV-1 replication process like the RT inhibitor class drug with a molecular weight of ~20 kDa. This study aims to determine dan analyze the ~20 kDa protein amino acid sequence in rambutan seeds which is used as a foundation for the development of recombinant protein. The protein was purified and isolated using purification of anion-exchange chromatography and SDS-PAGE. Amino acid sequence was analyzed by LC-MS/MS. The method used for the analysis of amino acid sequences is BLAST, while Structural prediction model is analyzed by using SWISS-MODEL. Analysis of protein properties using ProtScale with results in the form of interpretation of molecular weight, hydrophobicity, polarity, number of codons, and average flexibility index.",,Obat-obatan/ Terapi kesehatan,English
4,PANACEA,,"Currently, the world is hit by a pandemic caused by a virus called SARS-CoV-2. SARS-CoV-2 is a virus whose genetic material is in the form of RNA so it tends to mutate easily. The discovery of synthetic drugs and vaccines targeting SARS-CoV-2 has a great risk of failure due to mutations that occur in SARS-CoV-2 target proteins. To overcome this problem, a multi-target drug can be designed to prevent resistance due to mutations in the target proteins. In line with the big data era, data related to SARS-CoV-2 research to date is very abundant and open. This abundance of data raises the potential for analysis using machine learning. We aim to design a multi-target drug candidate for SARS-CoV-2 using machine learning. The analysis was first performed on the SARS-CoV-2 proteins to determine the potential protein targets. A prediction model for the activity of potential protein-targeted compounds was made. Further, the dataset of potential protein targets is analyzed to obtain the maximum common structure. From the maximum common structure, structure enrichment is then carried out to obtain a dataset of derivative compounds. Finally, the derivatives of these compounds analyze their activity through a prediction model created before. Also, the derivatives of these compounds analyze their toxicity and physicochemical properties to find the most potential candidates. The expected outcome of this research is the identification of new drug candidates for SARS-CoV-2 to overcome the risk of resistance.","Machine Learning, Multiple targets, Resistance, SARS-CoV-2.",Obat-obatan/ Terapi kesehatan,English
5,TIM GSEP4R,,"Tay-Sachs disease (TSD) causes severe neurodegeneration starting with symptoms such as muscle paralysis, blindness, dementia, and oftentimes leads to death. The disease is essentially incurable, hindered by the number of mutations in the HEXA gene, each with different translation effects, onset, and severity. Several approaches that have been developed for the disease, including enzyme replacement therapy, bone marrow transplantation, chaperone intervention, and substrate reduction, are often limited in reversing the neurological damage. Meanwhile, gene therapy approaches such as AAV-mediated CRISPR insertion shows time-limited neural recovery, adverse neurotoxicity and tumorigenicity, despite dissipation of GM2 build-up. In this article, we propose a robust method to introduce in situ genetic insertion of HEXA activity on human cells with infantile onset Tay-Sachs disease. Our method utilizes a transit-ticketing system in which a retroviral vector inserts a transit cargo into a neutral genomic location as a safe genetic harbour. Successful insertion activates an enhancer-like insertion-inhibitor and a transient transposase construct. The former protects the cell from having additional cargos inserted into the genome, while the latter, a modified Tc1/mariner transposase with HEXA enhancer-specific adapter, tickets a HEXA cDNA construct from the cargo and inserts it to its native location. We also suggest a possible insertion timeframe and assay to ensure a single insertion and gene correction is completed. Further testing and improvement of the circuit and utilization of bioinformatics modelling will pave massive clinical progress in understanding and treating neurodegenerative diseases and their pathophysiology.",,Obat-obatan/ Terapi kesehatan,English
6,Relic Team,,"Jumlah kasus demensia di dunia diestimasikan mencapai lebih dari 45 juta. Angka tersebu diperkirakan akan terus meningkat hingga mencapai tiga kali lipat pada tahun 2050, menjadikan demensia sebagai salah satu tantangan terbesar bagi kesehatan global. Sebanyak 60 hingga 80% bagian dari demensia adalah Alzheimer.  Penyakit Alzheimer dicirikan dengan kondisi penumpukan protein beta amyloid pada otak. Oleh karena itu upaya untuk mengobati Alzheimer adalah dengan memanfaatkan senyawa yang memiliki inhibitor protein BACE1. Penelitian ini diawali dengan skrining virtual kemampuan senyawa standar pengobatan Alzheimer yaitu AChEIs, vitamin D dan beberapa senyawa lain yang terdapat pada Solanum betaceum menghambat protein BACE1 menggunakan metode docking. Senyawa hasil skrining virtual dengan skor docking tertinggi dipilih untuk dianalisis lebih lanjut kestabilannya dalam sisi aktif protein BACE1 dengan menggunakan metode simulasi dinamika molekul. Untuk menganalisis dinamika sistem, dilihat dari fluktuasi sistem versus waktu simulasi. Dengan metode tersebut diharapkan senyawa yang terdapat pada solanum betacium dapat digunakan sebagai kandidat obat Alzheimer.",,Obat-obatan/ Terapi kesehatan,Indonesia
7,Panzerkampfwagen V,,"Human T-Cell Lymphotropic Virus (HTLV) merupakan salah satu anggota kelompok Retrovirus. HTLV terdistribusi di Jepang, Afrika, Kepulauan Karibia, Amerika Tengah, dan Amerika Selatan. HTLV merupakan onkovirus, yaitu virus yang dapat menyebabkan kanker. Terdapat empat Subtipe HTLV, yaitu HTLV-1, HTLV-2, HTLV-3, dan HTLV-4. HTLV-1 merupakan subtipe yang paling penting secara aspek klinis karena dapat menyebabkan leukemia yang fatal. Diperkirakan sekitar 5-20 juta orang terinfeksi oleh HTLV-1 secara global. Salah satu penyebab tingginya jumlah orang yang terinfeksi adalah sifat bloodborne dari HTLV-1. 5% dari total orang yang terinfeksi mengalami adult T cell leukemia (ATL). Saat ini belum terdapat vaksin yang terlisensi untuk mencegah infeksi HTLV. Disini kami mencoba untuk mendesain vaksin HTLV-1 berbasis peptida multiepitop melalui studi in silico.. Pemetaan epitop in silico akan dilakukan menggunakan server IEDB mencakup epitop sel B dan sel T. Hasil pemetaan epitop sel B dan sel T akan dirangkai sebagai peptida multiepitop dan difusikan dengan flagelin sebagai adjuvan. Flagelin merupakan agonis TLR-5 yang berpotensi digunakan sebagai adjuvan. Vaksin peptida umumnya memerlukan adjuvan karena memiliki imunogenisitas yang kurang baik. Simulasi respon imun dari vaksin multiepitop hasil konstruksi akan dilakukan menggunakan server C-Immsim. Hasil dari studi in silico vaksin peptida HTLV-1 diharapkan dapat membantu upaya pengembangan vaksin HTLV-1 sehingga dapat menurunkan angka kejadian penyakit yang memiliki asosiasi dengan HTLV-1.",,Obat-obatan/ Terapi kesehatan,English
8,I3LCV,,"Non-small-cell carcinoma cells (NSCLC) are the most common lung cancer which has the highest mortality rate in Indonesia. One of the trends in treating cancer is by utilizing peptide vaccines, an immunotherapeutic approach that aims to stimulate the cell-mediated adaptive immune system to recognize cancer-associated peptides. Currently, no peptide vaccines are available in the market for NSCLC treatment. Therefore, this project aims to develop a multi-epitope peptide-based vaccine for NSCLC utilizing citrullinated peptides. Citrullination is a post-translational modification that occurs in cancer cells during autophagy that functions to induce immune responses towards modified self-epitopes such as tumor cells, through activation of PAD enzymes within the APC and target cells. It was found that introducing a common citrullinated neo-antigen peptide such as vimentin and enolase to the immune system could stimulate a higher specific CD4+ T cell response against NSCLC. Moreover, carcinoembryonic antigen (CEA), an antigen that is highly expressed in cancer cells, is also added to increase the vaccine’s specificity and to mobilize both CD4+ and CD8+ T cells. These antigens bind strongly to the MHC Class II alleles such as HLA-DRB1*07:01 and HLA-DRB*11:01, which are predominant alleles in Indonesian populations. Through in silico approach, the peptides generated from CEA, citrullinated vimentin and enolase, were analyzed for their MHC binding strength, immunogenicity, ability to induce IFN? response, and population coverage. It is expected that the immunodominant antigens presentation is able to induce a potent immune response in NSCLC patients in Indonesia, resulting in tumor eradication.",,Obat-obatan/ Terapi kesehatan,English
9,PORE,POTENSI ANTIFUNGAL FITOALEKSIN TERHADAP PROTEIN PATOGEN (Pyricularia grisea) DARI Oryza sativa SEBAGAI KANDIDAT FUNGISIDA ALAMI MELALUI METODE MOLECULAR DOCKING,"Penyakit blas menginfeksi tanaman padi sawah pada semua stadium tumbuh dan merupakan kontributor potensial yang dapat membuat tanaman puso. Tanaman menggunakan sistem pertahanan yang kompleks terhadap hama dan patogen, yang mengarah pada produksi metabolit sekunder dengan massa molekul rendah dan senyawa dengan aktivitas antimikroba, yang secara kolektif dikenal sebagai fitoaleksin. Fitoaleksin adalah sekelompok senyawa heterogen yang menunjukkan aktivitas biologis terhadap berbagai variasi patogen dan dianggap sebagai penanda molekul resistensi penyakit. Scytalone dehydratase merupakan salah satu jenis enzim protein Pyricularia grisea yang memainkan peran penting dalam pertumbuhan dan perkembangan patogen fungus pada tahap berbeda dari patogenesis penyakit blas. Senyawa fitoaleksin dari tanaman Poaceae di antaranya adalah (Kauralexin B1, Momilactone A, Oryzalexin D, Zealexin A1). Tujuan dari penelitian ini adalah memprediksi potensi antifungal fitoaleksin melalui interaksi molekuler yang dihasilkan dari penggabungan antara senyawa yang dijadikan ligan yaitu kandidat fitoaleksin terhadap makromolekul yang dijadikan reseptor yaitu Scytalone dehydratase. Metode yang digunakan dalam penelitian adalah teknik penambatan molekuler secara in silico. Ligan yang digunakan diunduh melalui website PubChem. Reseptor yang digunakan diunduh melalui website UniProt. Beberapa software yang digunakan adalah BIOVIA Discovery Studio, PyMOL, Autodock Tools, Autodock Vina. Hasil penelitian eksploratif in silico kemudian di analisis secara deskriptif dengan melihat beberapa parameter berupa energi ikatan, nilai RMSD (Root Mean Square Devation), ikatan kimia dan residu asam amino yang terbentuk.",,Lingkungan,Indonesia
10,Erithrological,,"Coronary heart disease (CHD) caused by atherosclerosis has high mortality and morbidity worldwide. As of 2013, there were 1,492,909 CHD patients in Indonesia of which 85.2% of the patients were in the productive age. Hypercholesterolemia, caused by high levels of low density lipoproteins (LDL) in plasma, is the major cause of atherosclerosis. Plasma LDL binds to the LDL receptor (LDLR) for internalization and degradation, followed by recycling of LDLR to the cell surface. Proprotein convertase subtilisin kexin 9 (PCSK9) is a protease that binds to LDLR and reroutes it towards the lysozyme for degradation. Complete loss of function of PCSK9 showed no adverse effects in various individuals. We hypothesized that inhibition of PCSK9 can help lower plasma LDL level by preventing LDLR degradation, thus being a potential treatment of hypercholesterolemia. Synthetic drugs commonly used to treat hypercholesterolemia have unwanted side effects including liver damage and kidney failure, due to an increased risk in coronary calcification. Consumption of several fruits and vegetables are known to lower plasma LDL. The ability of natural ligands obtained from these sources to inhibit PCSK9 will be investigated. 3D structure of the ligands will be obtained and their interaction with the active site of PCSK9 will be investigated. Parameters to be examined include their binding affinity with PCSK9 via docking simulation and toxicity. The results will be compared with synthetic hypercholesterolemia drugs available in the market. It is expected that the natural ligands can be a potential alternative to treat hypercholesterolemia.",,Obat-obatan/ Terapi kesehatan,English
11,BIOFORMITS,,"Pada tahun 2010, Indonesia berada pada peringkat kedua penghasil sampah plastik terbesar di dunia. Diantara 3,22 juta ton sampah yang dihasilkan, sebanyak 0,48-1,29 juta mencemari lautan. Kantong plastik merupakan plastik jenis LDPE (Low Density Polyethylene) dan paling sering ditemukan. Bakteri Pseudomonas aeruginosa PAO1 dinilai mampu mendegradasi plastik LDPE paling maksimal yakni mampu mengurangi berat plastik sebesar 20% dan menurunkan nilai Carbon Index (CI) sebesar 80%. Kemampuan bakteri dalam mendegradasi plastik LDPE difasilitasi oleh kehadiran biofilm yang akan menempel pada permukaan plastik dan mengurangi hidrofobisitas polimer plastik LDPE. Pembentukan biofilm diintervensi oleh sistem quorum sensing (QS) yang memiliki empat jalur persinyalan yakni sistem Las, Rhl, PQS, dan IQS. Sistem Las memiliki gen pengatur lasR untuk mengkode protein LasR dan sintase LasI yang terlibat dalam sintesis molekul sinyal 3-oxo-C12-HSL yang berguna untuk pembentukan produk biofilm. Terpenoid merupakan senyawa yang berpotensi menghambat aktivitas QS dengan memblok jalur persinyalan Las. Penelitian ini bertujuan untuk mengetahui senyawa terpenoid yang paling berpotensi menghambat mekanisme quorum sensing dalam pembentukan biofilm Pseudomonas aeruginosa PAO1 dalam proses degradasi plastik LDPE. Penelitian dilakukan dengan menskrining senyawa terpenoid khususnya golongan sesterterpenoid yakni manoalide, secomanoalide, monoalide monoacetate sebagai ligan uji dan protein LasR sebagai target. Selanjutnya dilakukan molecular docking untuk mengetahui interaksi antarmolekul.","LDPE, Sistem Las, Quorum Sensing, Terpenoid, Pseudomonas Aeruginosa PAO1",Lingkungan,Indonesia
12,BIOLUMVITO - UPI,,"Polusi cahaya merupakan salah satu dampak yang dihasilkan dari penggunaan cahaya artifisial yang berlebih yang menyebabkan dampak buruk pada ekosistem sekitar, selain itu juga polusi cahaya dapat mengganggu siklus alami hidup hewan dan tumbuhan, dan juga dapat mengganggu biodiversitas juga perubahan iklim. Selain itu, penggunaan listrik berlebih yang merupakan sumber lampu dapat menyala merupakan penggunaan dari pembangkit listrik yang berasal dari bahan bakar batu bara. Penggunaan batu bara sebagai bahan baku pembangkit listrik sangat berdampak pada polusi udara yang dapat menyebabkan penyakit pernapasan pada manusia. Dari tahun 2009 hingga 2017, jumlah penggunaan listrik perkapita terus bertambah dari 592-1012 kwh.  Bioluminesensi merupakan salah satu solusi alternatif sintetik yang dapat digunakan guna menurunkan polusi cahaya yang berlebihan. Penelitian ini bertujuan untuk menyisipkan gen bioluminesensi Vibrio fischeri ke dalam bakteri Azotobacter sp. pada pupuk hayati sehingga tumbuhan dapat memendarkan cahaya dan dapat mengurangi penggunaan listrik. Pemanfaatan gen bioluminescence Vibrio fischeri (gen LuxA, LuxB, LuxC, LuxD, LuxE, LuxG, LuxR, dan LuxI) yang kemudian akan disisipkan pada plasmid pPL2lux bersamaan dengan enzim luciferase untuk ditransformasikan pada bakteri Azotobacter sp pada pupuk hayati. Enzim luciferase disisipkan beserta promoter dan ditambahkan dengan bahan kimia luciferin untuk menghasilkan cahaya melalui oksidasi flavin mononukleotida tereduksi dan aldehida rantai panjang oleh oksigen diatomik. Sekuen gen yang digunakan didapat dari sekuen yang dapat diakses di situs NCBI. Hasil dari penelitian diharapkan dapat menjadi solusi untuk mengurangi penggunaan energi listrik dan polusi cahaya menggunakan energi yang ramah lingkungan.",,Energi,Indonesia
13,EBerekayasa,,"Non-Hodgkin Lymphoma (NHL) adalah jenis kanker yang menyerang sistem limfatik dan biasa ditemukan di kelenjar getah bening. NHL merupakan jenis kanker dengan prevalensi tinggi di Indonesia dengan 16.125 kasus baru pada 2020. Pengobatan berorientasi rekayasa telah banyak dikembangkan untuk menyembuhkan NHL. Salah satu metode yang digunakan adalah terapi T-Cell Receptor (terapi TCR). Terapi TCR merekayasa T-Cell sebagai salah satu bentuk pertahanan oleh sistem imun dalam tubuh manusia untuk membunuh sel kanker. Rekayasa tersebut dilakukan karena metode pengenalan karakteristik sel kanker yang berbeda dari sel normal cukup sulit untuk dilakukan. Terapi TCR merekayasa bagian reseptor dari T-cell sehingga afinitas dari sel tersebut menjadi lebih tinggi dan spesifik terhadap sel kanker. Akan tetapi, terapi TCR memiliki risiko toksisitas pada pasien akibat kesalahan pengenalan antigen pada sel di jaringan lain. Implementasi suicide gene pada T-cell dapat menjadi salah satu upaya untuk mengurangi toksisitas pada terapi TCR. Suicide gene adalah molekul yang dapat membantu destruksi sel secara selektif sehingga dapat meregulasi T-Cell secara optimal. Penelitian dilakukan untuk mencari kandidat suicide gene yang dapat diimplementasikan pada terapi TCR untuk menyembuhkan NHL. Studi literatur mengenai kandidat suicide gene yang sudah ditemukan dan cocok dengan terapi TCR akan dievaluasi kecocokannya dengan NHL. Kemudian, dilakukan uji afinitas terhadap terapi TCR yang telah memiliki suicide gene dengan NHL. Terakhir, akan dilakukan uji efektivitas untuk menentukan tingkat keberhasilan kandidat suicide gene dalam menekan toksisitas terapi TCR. Sehingga, diharapkan diperoleh luaran berupa kandidat suicide gene untuk diimplementasikan pada terapi TCR dengan toksisitas yang relatif rendah.",,Obat-obatan/ Terapi kesehatan,Indonesia
14,WSF-Bilimbi,,"Pityrosporum ovale merupakan flora normal yang ada di kulit kepala, akan tetapi berbagai keadaan seperti suhu, kelembapan, kadar minyak yang tinggi, dan penurunan imunitas tubuh dapat memicu pertumbuhan jamur Pityrosporum ovale. Banyaknya populasi Pityrosporum ovale memicu terjadinya ketombe yang ditandai dengan adanya skuama berwarna putih keabu-abuan pada kulit kepala dan rambut dengan jumlah  yang bervariasi. Skuama berwarna putih keabu-abuan umumnya disebabkan oleh pengelupasan kulit yang fisiologis pada lapisan stratum korneum epidermis secara  berlebihan. Belimbing wuluh (Averrhoa bilimbi) merupakan tumbuhan alami yang memiliki banyak kandungan senyawa seperti saponin, tanin, kalsium oksalat, flavonoid, asam format, peroksida dan kalium sitrat.  Kandungan senyawa metabolit pada belimbing wuluh (Averrhoa bilimbi)  memiliki manfaat sebagai antijamur yang dapat menghambat petumbuhan Pityrosporum ovale sebagai agen penyebab ketombe.  Penelitian ini bertujuan untuk melakukan eksplorasi pada senyawa metabolit belimbing wuluh (Averrhoa bilimbi)  yang dilakukan secara in silico dengan dimulai studi literatur terkait senyawa metabolit pada belimbing wuluh yang terbukti memiliki aktivitas antijamur, kemudian dilanjutkan uji molecular docking pada masing-masing senyawa target yang nantinya diperoleh paling  berpotensi sebagai penghambat pertumbuhan Pityrosporum ovale berdasarkan afinitas dan interaksinya.",,Obat-obatan/ Terapi kesehatan,Indonesia
15,TP Unimus,,"Terdapat alternatif pangan yang membantu meningkatkan imun dalam tubuh, salah satunya adalah Jahe. Jahe (Zingiber officinale) adalah tanaman rempah yang bermanfaat dalam kehidupan sehari-hari juga sebagai tanaman obat. Akan tetapi, jahe rentan menjadi tempat tumbuhnya kapang-kapang pembawa mikotoksin. Mikotoksin adalah senyawa alami yang melekat pada bahan pangan seperti beras, jagung, gandum dan bersifat racun atau toksik sehingga dapat menurunkan imun tubuh. Lima jenis mikotoksin sering mengkontaminasi adalah aflatoksin, okratoksin A, zearalenon, kelompok trikotesena dan fumonisin. Terdapat 12 cendawan ditemukan pada jahe di Oman dengan kelembaban standar yang semuanya berpotensi memproduksi mikotoksin yang berbahaya untuk dikonsumsi manusia. Kontaminasi aflatoksin yang umumnya terjadi pada produk obat herbal atau bahan baku tumbuhan obat karena pengeringan yang tidak sempurna pada saat proses penyiapan bahan atau karena proses penyimpanan yang tidak bagus. Oleh karena itu, dibutuhkan perhatian khusus untuk mengurangi resiko kontaminasi mikotoksin pada proses sebelum maupun sesudah panen, seperti pemanenan yang tepat, penanganan pascapanen yang baik, pembuangan kotoran, dan pencucian dapat menurunkan tingkat kontaminan pada bahan pangan. Dengan mengurangi resiko kontaminasi mikotoksin pada jahe, maka dapat dihasilkan produk olahan jahe yang dapat dikonsumsi sebagai peningkat imun tanpa khawatir adanya bahaya mikotoksin bagi tubuh.",,Pangan & Nutrisi,Indonesia
16,MICRODEGRADATION TEAM,,"Berdasarkan data Asosiasi Industri Plastik Indonesia dan Badan Pusat Statistik menunjukkan bahwa sampah plastik di Indonesia mencapai 64 juta ton per tahunnya. Sampah plastik merupakan polimer sintetik yang tidak mudah diuraikan lingkungan, dimana jenis yang seringkali ditemukan adalah Polyethylene Terephthalate (PET). Metode penanganan limbah PET sebagian besar hanya memecah polimer PET menjadi lebih kecil, yang disebut mikroplastik. Bahaya mikroplastik adalah ukurannya yang sangat kecil, sehingga besar kemungkinan akan tertelan makhluk hidup. Mikroplastik tidak dapat tercerna sehingga akan terakumulasi dalam tubuh dan dapat menjadi racun. Untuk mengatasi permasalahan tersebut, diperlukan suatu penanganan menggunakan metode biodegradasi dengan memanfaatkan bakteri dan jamur. Pada penelitian sebelumnya, disebutkan bahwa bakteri Pseudomonas aeruginosa memiliki kemampuan mendegradasi polimer plastik pada permukaan saja sehingga memerlukan peran jamur Aspergillus terreus untuk mendepolimerisasi polimer plastik. Bakteri lain yang juga dapat mendegradasi polimer plastik yaitu Ideonella sakaiensis. Pada tahap akhir depolimerisasi PET melalui hidrolisis, dihasilkan asam tereftalat dan etilen glikol yang dijadikan bahan metabolisme Ideonella sakaiensis. Penelitian dilakukan menggunakan metode molecular docking untuk mengetahui nilai binding affinity dari enzim yang dihasilkan ketiga organisme tersebut dengan struktur kimia PET pada plastik menggunakan software PyRx yang sebelumnya dipreparasikan dengan PyMOL. Penentuan nilai toksisitas melalui server pkCSM untuk mengantisipasi dampak negatif dari penggunaan enzim-enzim tersebut, kemudian divisualisasikan secara 2D melalui software Discovery Studio. Metabolisme dari tiap enzim dianalisis menggunakan MetaRouter serta database dari KEGG. Penelitian ini bertujuan untuk mengetahui enzim yang paling potensial diantara Pseudomonas aeruginosa, Aspergillus terreus dan Ideonella sakaiensis dalam mendegradasi limbah plastik jenis PET.",,Lingkungan,Indonesia
17,Flavoquinon,,"Hipertensi merupakan penyebab utama penyakit kardiovaskular dan kematian dini di seluruh dunia. Prevalensi hipertensi di Indonesia sendiri pada tahun 2018 mencapai 31.6% untuk kelompok usia di atas 25 tahun. Sementara itu, penggunaan captopril sebagai salah satu pengobatan hipertensi masih menimbulkan efek samping sehingga penemuan bahan herbal sebagai alternatif antihipertensi masih terus dikembangkan. Pada penelitian sebelumnya, telah diketahui bahwa flavonoid dan antrakuinon dari Mengkudu memiliki potensi yang signifikan sebagai antihipertensi, akan tetapi penelitian untuk menguji efektifitas dari penggunaan keduanya masih belum dikembangkan. Pada penelitian ini dilakukan optimasi afinitas flavonoid dan antrakuinon terhadap protein target ACE-1 secara bersamaan melalui analisis in silico. Keunggulan dari penelitian ini adalah penggunaan dua jenis ligan dari dua golongan senyawa yang berbeda, namun masing-masing berpotensi menjadi inhibitor ACE yang efektif sehingga diharapkan penggabungan keduanya dapat memberikan dampak yang lebih optimal. Penelitian ini dilakukan dengan mengunduh data masing-masing ligan dari Pubchem dengan format (.sdf) dan dikonversi menjadi format (.pdb) dengan menggunakan PyMOL. Setelah itu, dilanjutkan dengan preparasi protein target ACE-1 yang diunduh dari Protein Data Bank dengan menggunakan PyMOL dan tahapan terakhir adalah analisis penambatan molekuler (molecular docking) dengan menggunakan PyRx. Hasil dari analisis molecular docking kemudian divisualisasi dengan menggunakan PyMOL untuk mengetahui keakuratan dan efektivitas dari penambatan kedua senyawa tersebut pada protein target ACE-1. Hasil dari penelitian yang diperoleh dapat menjadi bahan referensi baru karena sejauh ini belum terdapat banyak penelitian yang menguji efektivitas dari kedua senyawa potensial tersebut secara bersamaan sebagai kandidat antihipertensi.","Hipertensi, Optimasi, ACE-1, Flavonoid, Antrakuinon",Obat-obatan/ Terapi kesehatan,Indonesia
18,Fake Team Diponegoro,,"Kehidupan manusia di alam tidak dapat terlepas dari berbagai jenis komunitas mikroba, termasuk biofilm. Biofilm merupakan kumpulan sel mikroba yang melekat pada substrat, baik jaringan tubuh maupun bahan abiotik. Hal  ini salah satunya dikarenakan adanya produksi Extracellular Polymeric Substances (EPS) yang mengandung protein dan polisakarida. Dengan adanya EPS, adhesi mikroba pada permukaan semakin kuat, dan di dalam EPS, mikroba dapat pembelahan dengan cepat, menyebabkan sel di dalam biofilm semakin padat. Biofilm pada gigi disebut sebagai dental plak. Bakteri Streptococcus mutans merupakan penyebab utama adanya plak dan karies gigi. Sebanyak 90% kasus karies gigi di Indonesia menyerang populasi anak balita. Oleh karena itu, diperlukan solusi untuk mengatasi biofilm ini, salah satunya adalah dengan memanfaatkan senyawa metabolit yang mampu menghambat pembentukan biofilm. Beberapa sumber metabolit yang masih belum banyak dieksplorasi adalah yang bersumber dari organisme laut yaitu Rhizopora mucronata, Lycoalga epidendrum, Cosmopora sp. dan Micromonospora sp. Penghambatan biofilm pada gigi dilakukan dengan menghambat sintesis, menginaktivasi atau mendegradasi enzim, mereaksikan molekul sinyal dan analog reseptor, atau memblokir kaskade transduksi dari molekul sinyal atau quorum sensing. Melalui penelitian ini, diharapkan dapat ditemukan senyawa metabolit potensial yang bertindak sebagai antibiofilm. Penelitian berdasarkan prinsip bioinformatika dimulai dengan pencarian beberapa senyawa metabolit yang memiliki kemampuan sebagai antibakteri melalui studi literatur, diantaranya lynamicin, aquastatin, thiocoraline, dan pestalotiopsone. Keempat senyawa ini nantinya divisualisasikan menggunakan Chimera atau Pymol dan didapatkan ligand. Untuk mengetahui nilai energi pengikatan atau binding affinity dilakukan docking menggunakan aplikasi PyRx, Autodock ataupun Maestro. Hasilnya dianalisis dan diketahui senyawa metabolit potensial sebagai antibiofilm.",,Obat-obatan/ Terapi kesehatan,Indonesia
19,DelacGene - UPI,,"Pencemaran air sungai oleh limbah industri pabrik tekstil ditandai dengan perubahan warna perairan menjadi keruh sehingga menggangu ekosistem sungai dan kematian biota air. Sekitar 1.500 industri disepanjang sungai Citarum menghasilkan limbah dengan potensi mencapai 2.800 ton perhari. Dalam limbah tekstil terdapat gugus kromofor sebagai pembawa warna diantaranya, gugus etilen, karbon nitrogen, karbonil, azo, nitro, dan nitroso. Degredasi kromofor dapat dilakukan oleh enzim lakase menghasilkan senyawa nonkarsinogenik  -OH dan N2. Zat warna tahan terhadap degredasi oleh bakteri aerobik dan menghasilkan produk karsinogenik oleh bakteri anaerobik, sedangkan menggunakan jamur perlu dikembangkan lebih lanjut mengenai keamanan lingkungan. Penelitian ini bertujuan untuk mengkontruksi vektor pembawa gen lakase dekolorasi yang diinsertasikan pada alga sebagai fikoremediator limbah industri pabrik tekstil. Lakase bekerja dengan mengoksidasi gugus kromofor sebagai substrat menghasilkan elektron yang disimpan dan ditransfer melalui gugus tembaga ke molekul O2 lalu direduksi menjadi H2O. Oksidasi kromofor menghasilkan molekul nitrogen, mencegah pembentukan amina aromatik yang berpotensi karsinogenik. Gen Lac Pl pengkode enzim lakase dari Pleurotus ostreatus diklon ke dalam vektor pGEX-6P-1 menggunakan enzim retriksi BamH1 dan Xho1. Pada ujung C-terminal ditambahkan HA-tag untuk deteksi lakase dengan chemiluminescence dan 8xHis-tag untuk pemurnian lakase. Kontruksi vektor rekombinan pembawa gen lakase kemudian diinsertasi pada Chlamydomonas reinhardtii untuk diekspresikan. Selanjutnya untuk uji keberhasilan desain kontruksi vektor dan simulasi kloning gen dilakukan analisis menggunakan software SnapGene. Sekuen gen yang digunakan diperoleh dari Biobrick yang diakses dari situs IGem. Hasil studi ini diharapkan menjadi acuan penelitian mengenai agen bioremediator dengan menggunakan alga sebagai inang dalam upaya mengurangi produk karsinogenik dan pelestarian ekosistem sungai.",,Lingkungan,Indonesia
20,DipoInfor,,"Indonesia merupakan negara dengan luas wilayah laut hingga 5,8 juta meter2 dengan 8.500 spesies ikan dan 555 spesies rumput laut serta 950 terumbu karang. Diperkirakan sumber daya laut Indonesia memiliki potensi hingga 12,54 juta ton namun pemanfaatannya baru berkisar 5,71 juta ton pertahun. Pemanfaatan sumber daya laut perlu untuk terus ditingkatkan melalui berbagai macam produk yang dapat bermanfaat. Salah satu pemanfaatan sumber daya laut dapat melalui produk kecantikan kulit untuk mengatasi permasalahan pada kulit wajah. Permasalahan pada kulit wajah seperti berjerawat, kulit berminyak, dan inflamasi merupakan masalah yang sangat umum dihadapi bagi setiap individu. Permasalahan pada kulit wajah umumnya disebabkan oleh mikroorganisme seperti Propionibacterium acnes, Stapylococcus epidermidis, dan Malassezia furfur. Beberapa mikroorganisme tersebut mengeksresikan senyawa metabolit yang berdampak negatif pada kondisi kesehatan kulit dan wajah. Selain itu, ketidak seimbangan mikrobioma pada kulit wajah juga dapat menyebakan timbulnya berbagai permasalahan pada kulit wajah. Hingga saat ini, banyak ditemukan produk kecantikan yang mengandung berbagai macam senyawa dengan pola pendekatan yang beragam pula untuk memperoleh produk kecantikan dengan kandungan dan pola pendekatan yang terbaik melalui bioprospeksi. Bioprospeksi senyawa anti mikroba penting untuk terus dilakukan mengingat banyaknya kasus resistensi senyawa anti mikroba terhadap mikroba penyebab masalah pada kulit wajah. Berbagai senyawa seperti oligochitosan, retinol, saponin, dan isoretinoin yang bersumber dari biota laut berpotensi untuk mengatasi permasalahan pada kulit wajah. Adapun beberapa metode yang dilakukan adalah permodelan protein, molecular docking, uji afinitas, dan pengujian keamanan bahan potensial dilakukan untuk memperoleh senyawa bioaktif yang mampu mengatasi permasalahan pada kulit wajah melalui pemanfaatan sumber daya laut.",,Obat-obatan/ Terapi kesehatan,Indonesia
21,Tricoli - UPI,,"Seiring dengan pertumbuhan ekonomi kebutuhan akan energi meningkat, menyebabkan cadangan energi tidak terbarukan menipis. Kebutuhan energi tahun 2020 sebesar 290 mtoe, meningkat dari posisi dua tahun lalu sebesar 185 mtoe atau 1% dari kebutuhan konsumsi dunia. Alternatif bahan bakar fosil seperti biodiesel yang dihasilkan dari biomassa limbah organik menjadi primadona, solusi ini dapat mengurangi penumpukan sampah organik yang juga berakibat pada pemanasan global. Biodiesel dihasilkan dari proses transesterifikasi trigliserida dengan alkohol membentuk ester dan gliserol. Tujuan dari penelitian ini yaitu mengkonstruksi jalur biosintesis trigliserida yang merupakan senyawa antara biodiesel dengan menggabungkan gen-gen yang terlibat dalam proses sintesis trigliserida ke dalam Escherichia coli menggunakan sampah organik sebagai substrat. Trigliserida terbentuk dalam proses esterifikasi gliserol yang direaksikan dengan tiga asam lemak. Asetil Ko-A yang dihasilkan dari proses oksidasi asam piruvat kemudian masuk ke dalam proses lipogenesis, lalu diubah menjadi asam lemak yang disintesis dengan bantuan enzim FabH2. Kemudian oleh LPAAT-A dan DGAT-1-2, penggabungan asam lemak kedua dan ketiga dari gliserol pada lingkungan dikatalisis,sehingga akhirnya terbentuk trigliserida. Pada penelitian ini kami menggabungkan fragmen DNA penyandi gen FabH2 dari Bacillus subtilis, LPAAT-A, dan DGAT-1-2 dari Elaeies gueenensis di dalam vektor pPSU2 yang diekspresikan di dalam sel-sel E. coli DH5-? dengan gen lacZ untuk seleksi biru-putih. Ketiga gen diklon ke dalam vektor yang dikendalikan oleh lac promoter menggunakan enzim retriksi HindIII dan EcoRI. Sikuen gen yang digunakan didapat dari biobrick yang dapat diakses di situs iGEM. Hasil penelitian diharapkan dengan terbentuknya trigliserida dapat digunakan sebagai senyawa antara biodiesel serta dapat mengurangi populasi sampah organik.",,Lingkungan,Indonesia
22,EUNOIA,,"Pandemi COVID 19 masih berlangsung hingga kini dan belum ada pengobatan yang adekuat untuk mengatasi virus SARS-COV2. Replikasi SARS-COV2 yang menempel di reseptor ACE 2 pada tubuh manusia dapat mengaktifkan jalur pensinyalan pro-inflamatory NF-kB yang memicu mediator inflamasi IFN-?, IFN-?, IL-1 dan IL-6, hingga badai sitokin yang mengakibatkan terjadinya ARDS, gejala depresi serta gangguan organ tubuh lainnya. Terapi untuk mencegah replikasi virus, anti-inflamasi dan antidepresi diperlukan untuk menghilangkan gejala gangguan respirasi, depresi dan menyembuhkan pasien yang terinfeksi virus SARS-COV2. Kunyit merupakan tanaman obat asli dari Asia Tenggara yang sudah digunakan sejak zaman kuno sebagai bahan baku obat tradisional karena tanaman ini dikenal bermanfaat sebagai penyejuk, pengering, pembersih, dan lain-lain. Senyawa Curcumin yang terkandung pada kunyit berpotensi sebagai antivirus, anti-inflamasi dan antidepresi. Tujuan penulisan studi literatur ini untuk membuktikan potensi senyawa curcumin pada kunyit di era COVID 19 sebagai salah satu tanaman herbal di Indonesia yang diteliti memiliki banyak manfaat.Metode penelitian ini menggunakan pencarian literatur online dari electronic database Pubmed, Science Direct, dan Googgle Schoolar. Hasil studi literatur menunjukkan curcumin dapat mensupresi jalur pensinyalan transkripsi NF-kB yang penting untuk produksi sitokin proinflamasi, dan reaktan fase akut lainnya. Curcumin juga dapat memodulasi apoptosis melalui jalur p38 MAPK, dan mengatur ekspresi protein terkait sinaps seperti brain-derived neurotrophic factor, PSD-95, dan Synaptophysin untuk melindungi dan memelihara integritas fungsional neuron sebagai antidepresan. Ikatan curcumin dengan reseptor ACE 2 yang lebih baik dan peningkatan produksi interferon oleh curcumin berpotensi sebagai antiviral untuk mencegah replikasi SARS COV-2.","anti-inflamasi, antidepresi, antivirus, curcumin, covid 19/ SARS-COV2",Obat-obatan/ Terapi kesehatan,Indonesia
23,BIOMER_UPI,,"Merkuri merupakan salah satu jenis polutan yang sangat beracun bagi semua makhluk hidup dan tersebar di atmosfer, litosfer, dan permukaan air baik dalam bentuk unsur tunggal ataupun senyawa kompleks. Perkiraan emisi merkuri global tahunan dari sumber antropogenik adalah sekitar 2220 metrik ton per tahun. Bioremediasi logam merkuri merupakan upaya penanggulangan pencemaran merkuri yang beracun di lingkungan menggunakan bakteri yang memiliki gen-gen yang resisten terhadap merkuri untuk mendegradasi merkuri beracun menjadi bentuk yang kurang beracun. Penelitian ini bertujuan untuk membuat sistem bioremediasi logam merkuri menggunakan gen-gen pereduksi merkuri yang ditransformasikan pada bakteri Escherichia coli. Operon mer (merR, merP, merT, merB dan merA) yang didapatkan dari Bacillus sp. digunakan untuk mereduksi ion Hg2+ menjadi ion Hg0 volatil dengan menggunakan reporter gene ungu dan biru. Sel akan berwarna ungu jika terdapat ion Hg2+ dan metilmerkuri (R-Hg) di lingkungan perairan dan akan berwarna biru jika ion Hg2+ berhasil tereduksi menjadi ion Hg0 volatil yang relatif kurang beracun bagi lingkungan. Gen-gen yang digunakan dalam proses bioremediasi ini akan disisipkan pada vektor pSB1C3 dan ditransformasikan ke dalam bakteri Escherichia coli. Semua part yang digunakan dalam sistem bioremediasi diperoleh dari database Brick yang dapat di akses pada situs iGem. Hasil dari penelitian ini diharapkan dapat menjadi solusi penurunan polusi merkuri yang lebih praktis dan ramah lingkungan karena memanfaatkan mikroorganisme sebagai fasilitator pereduksi merkuri.",,Lingkungan,Indonesia
24,getEXTREME,,"Extremophiles are “treasure trove” of novel biologically active molecules with unique properties that can be used for wide range of biotechnological processes, notably those of required extreme temperature, pH, salinity, and pressure for efficient running in the most cost-effective manner. Most bioprospecting campaigns in exploitation of ecological and biotechnological potentials of these organisms to discover new thermostable enzyme candidates, for instance, biotechnologists are searching for the associated genes through manual mining the genome sequences. However, this workflow has been extremely challenging due to being time consuming, highly dependent on the availability of well-curated database and appropriate bioinformatic tools. Herewith, we propose the initial prototype of GetEXTREME, a pioneering of integrated database of extremophilic and extremotolerant microorganisms alongside a webserver which allow rapid and fully-automated detection, annotation and analyses of sets of genes associated with survival strategies of these microorganisms under harsh environmental conditions prevail in extreme habitats as well as the genes related to their ‘gifted’ traits to produce a whole range of useful compounds for many bio-industrial applications, including thermostable enzymes, osmolytes, polymeric substances, antibiotics, anticancer drugs, industrial pigments and many other highly valuable bioproducts. The input, whole genome sequence, will be aligned and the level of similarity percentage will be determined using BLASTN tool against its most closely related gene and/or gene clusters held in the well-curated GetEXTREME database. This platform will consolidate our understanding about the biological basis of environmental adaptation and reveal further biotechnological applications of these remarkable creatures from the lens of genomics and bioinformatics.",,Lingkungan,English
25,BIKOKA,,"Kokain merupakan narkotika yang sering disalahgunakan di banyak negara selama beberapa tahun terakhir sehingga diperlukan peningkatan upaya penindakan. Teknik deteksi kokain secara konvensional di lapangan memiliki beberapa kekurangan, seperti kurang akurat dan memerlukan uji laboratorium lanjutan. Alat deteksi yang cepat dan akurat diperlukan dalam upaya penindakan yang tepat sasaran. Biosensor elektrokimia dapat digunakan untuk memperoleh informasi tentang konsentrasi analit berdasarkan perubahan arus listrik dari sel elektrokimia dengan bantuan enzim. Biosensor elektrokimia memiliki beberapa keungulan karena dapat mendeteksi secara akurat keberadaan analit dalam konsentrasi yang rendah dengan waktu yang singkat. Proses hidrolisis dan oksidasi kokain secara berantai dapat menghasilkan sinyal elektrik pada sel elektrokimia. Proses tersebut dikatalisis oleh dua enzim yaitu kokain esterase dan methlyecgonone reductase. Oleh karena itu, kokain dapat dideteksi dengan biosensor elektrokimia dengan memanfaatkan reaksi enzimatik berantai cocaine esterase-methlyecgonone reductase. Penelitian ini bertujuan mengetahui potensi kedua enzim tersebut untuk digunakan sebagai biosensor kokain berdasarkan interaksi ligan dengan enzim dan kestabilan struktur enzim. Metode penelitian dimulai dengan studi literatur untuk mendapatkan informasi kedua enzim tersebut seperti aktivitas enzim, urutan asam amino enzim, dan struktur 3D enzim yang bersumber dari literatur ilmiah dan database protein. Metode in silico dilakukan setelah struktur 3D enzim tipe liar dan beberapa enzim mutan didapat. Analisis docking molekuler enzim terhadap ligan normalnya dilakukan sehingga diketahui nilai binding affinity-nya. Analisis dilanjutkan dengan simulasi dinamika molekuler untuk mendapatkan parameter protein structure compactness. Rangkaian analisis tersebut dilaksanakan untuk merancang biosensor kokain yang efektif dengan memilih enzim yang stabil tanpa mengurangi aktivitas enzim berdasarkan hasil prediksi.",,Diagnostik,Indonesia
26,RedNosZ - UPI,,"Emisi gas dinitrogen oksida (N2O) akibat proses wastewater treatment plant (WWTP) merupakan salah satu gas rumah kaca yang dihasilkan serta memiliki pengaruh kuat terhadap global warming. Beberapa faktor yang menyebabkan peningkatan emisi gas N2O dapat dikarenakan oleh oksigen terlarut yang rendah, akumulasi nitrit yang tinggi, fluktuasi rasio C/N dan tidak tersedianya ion Cu (Thakur dan Medhi, 2019). Proses reduksi N2O menjadi N2 yang diregulasi oleh gen nos operon dalam WWTP dengan enzim nitrous oxide reductase yang dibuat agar dapat tetap terjadi baik dalam  menjadi anoxic, aerobik maupun anaerobik. Promoter VHb (Oxygen promoter-???????????????????????? ????????????????????) yang diinduksi dalam kadar oksigen terlarut kurang dari 2% saturasi udara mampu menyebabkan produksi enzim nitrous oxide reductase akan selalu terjadi dan N2O berhasil direduksi menjadi N2. Tujuan dari penelitian untuk membuat sistem yang mampu mereduksi emisi gas N2O hasil WWTP dengan menggunakan gen nosZ,  promoter VHb  dan gen Super Yellow Fluorescent Protein ke dalam plasmid pSB1C3 pada ??. ????????. Indikator keberhasilan penggunaan promoter VHb dan gen nosZ yang berperan dalam reduksi N2O akan diindikasikan dengan berpendarnya Super Yellow Fluorescent Protein yang menunjukkan bahwa proses reduksi bekerja secara optimal dan dihasilkan N2. Dari hasil penelitian, diharapkan dapat menjadi solusi dalam menciptakan kondisi yang stabil untuk proses reduksi gas N2O hasil WWTP menjadi N2 sehingga mengurangi emisi gas N2O.",,Lingkungan,Indonesia
27,ABM Squad,,"Nitrogenous fertilizers have been major contributers to increases in agricultural productivity world-wide. Nitrification inhibitor needed to improve the efficiency of N fertilizer use to achieve more efficient production of food crops and minimize fertilizer-related pollution of the environment. Neem (Azadirachta indica) act as an inhibitor nitrification that contained high secondary metabolite compounds. Neem plants encapsulated by urea as a nitrification inhibitor can increase nitrogen efficiency in the soil during fertilization. This research is a computational experimental research in solving problems using Molecular Docking Analysis. Molecular Docking method was performed using AutoDock Vina Tools 1.5.6 and Open Babel 2.4.1 Program. The use of molecular docking aims to predict ligand bonds and target proteins that focus on affinity and bond interactions.The high and low affinity of ligand-protein bonds is influenced by free bond energies, surface interactions, and intermolecular interactions. The results shows Neem (Azadirachta Indica) contains high tannin and the other secondary metabolite compounds (Nimbin, Nimbidin, Nimbic acid, Nimbidinin, Nimbinin, Azadirachtin, Diepoxy Azadiradione, Dyhidrogedunin, Gallic and Gedunin). Those metabolite compounds can inhibiting four enzymes such as methane monooxygenase, Hydroxylamine oxidoreductase, Nitric oxide reductase and Nitrite Reductase. From 10 metabolite compounds, Diepoxy Azadiradione and Gedunin may become the most stable complex that indicated become strength binding energy based on the lowest energy score of -10.3 kcal/mol. The use of neem-coated urea in field tests was able to increase fertilization efficiency by 50%, plant growth by 30% and soil microbial population by up to 40% and reduce contamination by nitrates by up to 65%.",,Lingkungan,English
28,Andri Mulyani,Analisis Molecular Dynamic Potensi Senyawa Benzyl benzoate dan Chloromycetin dari Thricoderma sp. Sebagai Inhibitor Enzim Heparanase pada Metastasis Sel Kanker.,"Kanker adalah suatu kondisi yang ditandai dengan adanya pertumbuhan abnormal dari sel-sel tubuh yang tidak terkontrol dan mampu mempengaruhi sel normal lainnya. Saat ini banyak dilakukan penelitian untuk mencari senyawa-senyawa baru yang berpotensi sebagai antikanker. Salah satu cara yang digunakan untuk mendukung analisis ini adalah dengan metode in silico. Selain itu, metode ini juga mendukung green chemistry yang cukup diminati akhir-akhir ini. Dalam penelitian ini, diteliti senyawa Benzyl benzoate dan Chloromycetin dari cendawan endofit Thricoderma sp. hasil penambatan molekuler yang memiliki aktivitas sebagai inhibitor enzim Heparanase terhadap metastasis sel kanker pada manusia. Model tiga dimensi (3D) enzim dikonstruksi berdasarkan struktur kristal Heparanase. Analisis dengan melakukan simulasi diamika molekuler selama 2 nanodetik menggunakan Gromacs. Sebagai kontrol positif, digunakan senyawa 2-Acetamido-2-deoxy-beta-D-glucopyronase. Hasil analisis menunjukkan bahwa secara umum, pada kompleks senyawa ligan dan makromolekul ada interaksi yang kuat dan stabil pada residu untuk dijadikan obat antikanker.","Benzyl benzoate, Chloromycetin, Heparanase, Antikanker, simulasi dinamika molekuler",Obat-obatan/ Terapi kesehatan,Indonesia
29,MEVolution,Smart Vaccine: Multi-Epitope Vaccine (MEV) Against Top Various Cancers in Indonesia with In Silico Approach,"Cancer is an uncontrolled cell division in the body's tissues which is commonly caused by various factors. Global Cancer Observatory (Globucan) in 2020 showed the top ten types of cancers in Indonesia, including breast cancer (65,858 cases), cervical cancer (36,633 cases), lung cancer (34,783 cases), liver cancer. (21,392 cases), nasopharyngeal cancer (19,943 cases), colon cancer (17,368 cases), non-Hodgkin's lymphoma cancer (16,125 cases), rectal cancer (16,059 cases), blood cancer (14,979 cases), and ovarian cancer (14,896 cases). Those cancers have more than 135,000 death cases in total. In addition, several cancer preventions in Indonesia are currently found inefficient so that a permanent method such as vaccination is essentially needed. Therefore, our team aimed to generate a Multi-Epitope Vaccine (MEV) for increasing the body's immune system against those cancers. MEV construction was divided into several methods. First, biomarkers of each cancer were identified from the UniProt database. The quality of each biomarker sequence was identified by using ProtParam ExPASy. Furthermore, the B-cell epitope and T-cell epitope of each biomarker were analyzed using Vaxign, ABCPred, and IEDB. Prediction of the antigenicity, allergenicity, and toxicity of the epitope was conducted using VaxiJen. Moreover, the vaccine structure was generated using homology modeling and protein-ligand interactions was examined using molecular docking.","biomarker, carcinoma, immune system, molecular docking, prevention",Obat-obatan/ Terapi kesehatan,English
30,Froncavi,,"Aterosklerosis merupakan salah satu penyebab utama dari penyakit kronis jantung koroner dan stroke. Aterosklerosis didefinisikan sebagai penyumbatan aliran darah oleh timbunan plak pada pembuluh darah akibat kadar kolesterol di dalam tubuh melebihi batas normal. Kolesterol diproduksi oleh tubuh ketika prekursor berupa HMG-CoA berinteraksi dengan binding site HMG-CoA reduktase. Untuk mencegah terbentuknya plak kolesterol pada pembuluh darah, maka kadar kolestrol tubuh harus dijaga agar tidak melebihi batas normal. Penelitian ini bertujuan untuk menganalisis efektivitas senyawa metabolit sekunder vanillic acid dari buah kecombrang (Etlingera elatior), quercetin dari daun jambu biji (Psidium guajava), dan polyphenolic dari buah anggur (Vitis vinifera) sebagai inhibitor HMG-CoA untuk mengurangi produksi kolesterol berlebih. Penelitian ini menggunakan metode analisis in silico. Metode analisis in silico merupakan metode yang menggunakan kemampuan komputer dalam proses merancang obat sebagai komplemen dari in vitro dan in vivo. Metode in silico dipilih karena metode ini merupakan metode yang sangat dianjurkan serta sering digunakan dalam penemuan obat (drug discovery) sebelum dilakukan uji di laboratorium. Selain itu, metode ini memiliki kelebihan, antara lain bisa memprediksi, memberi hipotesis, serta memberikan kemajuan baru dalam suatu penelitian. Uji in silico yang dilakukan berupa uji homologi protein, uji toksisitas, dan simulasi molekular docking. Uji homologi protein bertujuan untuk mendapatkan hasil apakah vanillic acid, quercetin, dan polyphenolic homolog atau tidak dengan HMG-CoA. Uji toksisitas bertujuan untuk melihat toksisitas vanillic acid, quercetin, dan polyphenolic. Simulasi molekuler docking bertujuan untuk mendapatkan hasil berupa besaran binding affinity atntara vanillic acid, quercetin, dan polyphenolic dengan HMG-CoA reduktase.",,Obat-obatan/ Terapi kesehatan,Indonesia
31,GUNA Team (Universitas Airlangga),,"WHO report on 2018 revealed that lung cancer is the cause of around 2.6% of total death in Indonesia and the number of new cases of lung cancer in Indonesia are increasing over time. Moreover, large portion of Indonesian population are exposed daily to lung cancer risk factor such as cigarette smoke, air pollution, and other carcinogenic substances. Thus, a novel cancer prevention strategy is needed. Here we propose the lung cancer prevention system by utilizing microRNA-1593 to downregulate the expression of TRIM11. When overexpressed, TRIM11, also known as ubiquitin ligase E3, plays a role in the proliferation and invasion well as migration of lung cancer cells. miRNA-1593, which binds directly to 3'-UTR of TRIM11 mRNA, could downregulate the TRIM11 expression. In our proposed system, copy of miRNA-1593 gene is constructed under TRIM11 promoter and inserted into the chromosome of non-small lung cells (NSLC) using CRISPR-Cas9 strategy. Using the proposed system, the factors induce the overexpression of TRIM11 is expected to also induce the expression of miR-1593 which would immediately downregulate the expression of TRIM11 and prevent the development of cancer.",lung cancer; miRNA-1539; TRIM11; cancer prevention,Obat-obatan/ Terapi kesehatan,English
32,CAMphage,,"Kasus kanker paru-paru di Indonesia menempati posisi ke-3 tertinggi (8.8%) dan merupakan penyebab kematian tertinggi, dengan 85% penyebab kanker ini adalah non-small cell lung cancer (NSCLC). NSCLC didominasi oleh subtipe adenocarcinoma/AdenoCA (40%) yang tidak/sedikit bergejala dan satu-satunya subtipe yang ditemukan pada non-perokok, terutama wanita berusia muda. Tingkat kesembuhan AdenoCA di Indonesia sangat rendah (16-18%) karena senyawa terdegradasi sebelum mencapai targetnya. Penelitian ini bertujuan untuk mengkonstruksi bakteriofaga M13 rekombinan sebagai drug delivery system untuk membawa obat yang spesifik terhadap sel kanker paru-paru. Bakteriofaga M13 mudah direkayasa dan bentuknya yang seperti jarum memudahkan penetrasi ke sel kanker. Metode penelitian mencakup pencarian senyawa dari studi literatur dan analisis molecular docking dengan antigen sel kanker paru-paru (Epidermal Growth Factor Receptor, Anaplastic Lymphoma Kinase, dan Vascular Endothelial Growth Factor) untuk mencari senyawa dengan afinitas tertinggi. Senyawa terpilih dianalisis interaksi hidrofobiknya dengan protein sheath M13 (gp8). Dilakukan analisis molecular docking antara antibodi IgG (Cetuximab, Bevacizumab, dan Ramucirumab) dengan antigen sel kanker paru-paru dan dipilih yang afinitasnya tertinggi. Kemudian gen domain ZZ diinsersi pada downstream gp3 (tail fibers) secara in silico sebagai tempat pengikatan IgG. Secara in vitro, rekombinasi dilakukan dengan metode yeast based assembly of phage genome, lalu hasilnya ditapis untuk mendapatkan bakteriofaga dengan IgG spesifik terhadap antigen sel kanker paru-paru. Bakteriofaga diperbanyak dan senyawa dengan afinitas tertinggi diikatkan pada gp8 (protein sheath). Pengujian bakteriofaga M13 rekombinan dilakukan untuk mengetahui efektivitas dan spesifitas senyawa terpilih terhadap sel kanker paru-paru. Hasil penelitian ini berupa bakteriofaga M13 rekombinan yang membawa senyawa anti kanker paru-paru yang spesifik dan stabil.",,Obat-obatan/ Terapi kesehatan,Indonesia
33,TIM UANG,,"As the most commonly occurring cancer in women worldwide, breast cancer poses a formidable challenge to global public health. Triple-negative breast cancer (TNBC) causes 10-20% of total breast cancer cases in the world and is also the second most common breast cancer type in Indonesia. TNBC cells are deficient in estrogen, progesterone and ERBB2 receptor expression, presenting a particularly challenging treatment due to their highly invasive nature and relatively low response to therapeutics. Overexpression of Epidermal Growth Factor Receptor (EGFR) that enhance cell proliferation is reported on 50-70% of TNBC cases. Here, we suggest novel TNBC treatment strategy utilizing EGFR overexpression and microRNA-539 for reducing the expression of EGFR.  EGFR mRNA and protein can be decreased by miR-539. However, EGFR could inhibit the maturation of miR-539 via the phosphorylation of argonaute 2 (AGO2). In our proposed strategy, copy of AGO2 and miR-539 genes will be constructed under cyclin D1 promoter, respectively and inserted into TNBC cells chromosome using CRISPR-Cas9 strategy. AGO2 and miR-539 transcription under Cyclin D1 promoter will be upregulated in the event of EGFR overexpression, minimizing the negative effect of EGFR on miR-539 maturation. Furthermore, the proposed system can be utilized as “cancer prevention strategy”. When applied to ductal epithelial cells, this system will prevent the development of cancer by counteracting the effect of EGFR overexpression. Moreover, the AGO2 and miR-539 expression will also be downregulated, minimizing the negative effects on the ductal epithelial cells.","TNBC, EGFR, mi-RNA 539, AGO2",Obat-obatan/ Terapi kesehatan,English
